{"type":"FeatureCollection","features":[{"type":"Feature","properties":{"code":"98","ring":9,"sector":8},"geometry":{"type":"Polygon","coordinates":[[[11.944353050102963,55.81888203055409],[11.95292493414914,55.83026559929212],[11.962160526046063,55.84148486531908],[11.972050386217672,55.85252766777083],[11.982584339624276,55.86338202669916],[11.993751484775187,55.8740361565599],[12.005540203674972,55.88447847952671],[12.017938172701088,55.89469763861343],[12.030932374408996,55.904682510587826],[12.044509110259108,55.91442221865963],[12.058654014258215,55.92390614492595],[12.073352067506155,55.93312394255713],[12.088587613636733,55.94206554770659],[12.104344375140077,55.950721191128274],[12.120605470551679,55.95908140948516],[12.137353432491661,55.96713705633344],[12.154570226535803,55.97487931276653],[12.172237270898142,55.982299697703624],[12.190335456903068,55.98939007780821],[12.208845170223041,55.99614267702195],[12.22774631285629,56.0025500857],[12.247018325817077,56.00860526933443],[12.26664021250948,56.0143015768525],[12.286590562753878,56.01963274847781],[12.306847577433885,56.024592923142094],[12.356473626726071,55.95821717827467],[12.340097631259423,55.954208627175944],[12.323968221272134,55.9499001446616],[12.308102953546253,55.945296443647415],[12.292519077875053,55.94040255822052],[12.277233517467032,55.93522383778964],[12.262262849813519,55.92976594087797],[12.247623288044638,55.92403482856755],[12.233330662797432,55.91803675760412],[12.219400404618714,55.911778273172736],[12.205847526924128,55.90526620135348],[12.192686609533641,55.89850764126856],[12.1799317828025,55.89150995693084],[12.167596712365475,55.88428076880574],[12.15569458451083,55.87682794509742],[12.144238092199334,55.869159592771304],[12.133239421742193,55.861284048325054],[12.122710240150578,55.85320986832011],[12.112661683168106,55.844945819686345],[12.103104343996273,55.83650086981281],[12.094048262721651,55.8278841764369],[12.085502916452294,55.81910507734568],[12.077477210169576,55.81017307990186],[12.06997946830041,55.80109785040805],[12.063017427013595,55.79188920332251],[11.944353050102963,55.81888203055409]]]}},{"type":"Feature","properties":{"code":"97","ring":9,"sector":7},"geometry":{"type":"Polygon","coordinates":[[[11.948926051917201,55.529805115995565],[11.940717670054811,55.541259100751454],[11.933171382619548,55.552858448823834],[11.926295778868267,55.564590863010466],[11.920098757959918,55.576443894022795],[11.914587518284486,55.58840495331584],[11.909768547425667,55.60046132610845],[11.905647612777154,55.61260018458249],[11.902229752832385,55.624808601248425],[11.899519269167195,55.63707356246499],[11.89751971913466,55.649381982099825],[11.896233909290993,55.66172071531802],[11.895663889570976,55.674076572484736],[11.895810948230874,55.686436333168224],[11.896675607576336,55.69878676022873],[11.898257620492053,55.71111461397884],[11.900555967789309,55.723406666400436],[11.903568856386913,55.735649715402886],[11.907293718339963,55.747830599107296],[11.911727210730206,55.759936210140836],[11.916865216430677,55.77195350992538],[11.922702845756328,55.783869542944224],[11.92923443901118,55.795671450970346],[11.93645356994148,55.80734648723993],[11.944353050102963,55.81888203055409],[12.063017427013595,55.79188920332251],[12.056598227242793,55.78255709033987],[12.050728408437541,55.77311158935],[12.04541390304242,55.7635628932887],[12.040660031703549,55.75392129889349],[12.036471499200347,55.74419719537798],[12.032852391099594,55.734401053038006],[12.029806171127673,55.72454341180289],[12.02733567925605,55.714634869745176],[12.025443130494047,55.70468607156149],[12.02413011438209,55.69470769703794],[12.023397595177808,55.68471044951262],[12.023245912726543,55.67470504434792],[12.023674784007078,55.66470219742525],[12.024683305342768,55.65471261367445],[12.026269955267471,55.644746975649994],[12.028432598035193,55.63481593216609],[12.031168487761734,55.624930087002134],[12.03447427318612,55.615099987690414],[12.038346003039155,55.60533611439697],[12.042779132005947,55.595648868907006],[12.047768527268937,55.58604856372531],[12.053308475617596,55.57654541130268],[12.059392691110594,55.56714951339817],[12.0660143232761,55.5578708505876],[11.948926051917201,55.529805115995565]]]}},{"type":"Feature","properties":{"code":"96","ring":9,"sector":6},"geometry":{"type":"Polygon","coordinates":[[[12.311421322749384,55.3266729393181],[12.291453625881875,55.3315460164492],[12.27177176433847,55.33678494239158],[12.252396387647584,55.342384251199036],[12.233347850595855,55.34833809856653],[12.214646193097145,55.35464026746112],[12.196311120257967,55.361284174122616],[12.178361982654224,55.368262874430116],[12.160817756834485,55.375569070630526],[12.143697026065311,55.3831951184244],[12.127017961334568,55.39113303440459],[12.110798302628828,55.399374503842786],[12.095055340501496,55.40791088881853],[12.079805897948514,55.41673323668521],[12.065066312608817,55.42583228886727],[12.050852419307144,55.43519848998208],[12.037179532957047,55.44482199728049],[12.024062431842285,55.45469269039867],[12.01151534129509,55.46480018141436],[11.99955191779008,55.47513382519992],[11.988185233472862,55.485682730064354],[11.977427761142582,55.496435768676065],[11.967291359707984,55.50738158925775],[11.957787260136632,55.51850862704442],[11.948926051917201,55.529805115995565],[12.0660143232761,55.5578708505876],[12.073165965835553,55.54871927192786],[12.080839665936042,55.539704484786704],[12.089026933876394,55.530836044846986],[12.097718753311819,55.522123346294755],[12.10690559192192,55.513575612199325],[12.116577412526883,55.50520188509426],[12.126723684636477,55.49701101776699],[12.137333396416668,55.489011664265234],[12.148395067058509,55.48121227112757],[12.159896759534133,55.47362106884548],[12.171826093724635,55.46624606356404],[12.184170259904818,55.459095029027814],[12.196916032569728,55.4521754987785],[12.210049784588183,55.44549475861051],[12.223557501668465,55.43905983929032],[12.237424797121587,55.43287750954557],[12.251636926907674,55.426954269328625],[12.266178804951037,55.421296343360545],[12.281035018709892,55.41590967495968],[12.296189844986577,55.41079992015977],[12.311627265964498,55.40597244212188],[12.327330985458099,55.40143230584417],[12.343284445362277,55.397184273173394],[12.35947084228794,55.39323279812179],[12.311421322749384,55.3266729393181]]]}},{"type":"Feature","properties":{"code":"95","ring":9,"sector":5},"geometry":{"type":"Polygon","coordinates":[[[12.819578677250616,55.3266729393181],[12.79934606901641,55.322170793328006],[12.778869727321577,55.31804427231119],[12.75817106338706,55.31429767710102],[12.737271700975153,55.3109349114128],[12.716193455489805,55.30795947810968],[12.694958312963992,55.305374475855366],[12.6735884089473,55.303182596156226],[12.652106007306564,55.30138612079403],[12.630533478952318,55.299986919651275],[12.608893280503674,55.29898644893003],[12.587207932904024,55.298385749765615],[12.5655,55.29818544723569],[12.543792067095977,55.298385749765615],[12.522106719496325,55.29898644893003],[12.50046652104768,55.299986919651275],[12.478893992693438,55.30138612079403],[12.457411591052699,55.303182596156226],[12.436041687036006,55.305374475855366],[12.414806544510196,55.30795947810968],[12.393728299024845,55.3109349114128],[12.372828936612938,55.31429767710102],[12.352130272678421,55.31804427231119],[12.331653930983588,55.322170793328006],[12.311421322749384,55.3266729393181],[12.35947084228794,55.39323279812179],[12.375873144370434,55.389582022492455],[12.39247410823784,55.386235771816665],[12.409256296126149,55.383197551605654],[12.426202093128648,55.380470543919756],[12.44329372456675,55.37805760425701],[12.460513273469852,55.37596125876374],[12.477842698151752,55.374183701768615],[12.49526384987136,55.37272679364224],[12.512758490565455,55.371592058983445],[12.530308310641372,55.3707806851339],[12.547894946817564,55.370293521021466],[12.5655,55.37013107633366],[12.583105053182434,55.370293521021466],[12.600691689358628,55.3707806851339],[12.618241509434544,55.371592058983445],[12.635736150128638,55.37272679364224],[12.653157301848246,55.374183701768615],[12.670486726530147,55.37596125876374],[12.68770627543325,55.37805760425701],[12.70479790687135,55.380470543919756],[12.721743703873852,55.383197551605654],[12.738525891762162,55.386235771816665],[12.755126855629566,55.389582022492455],[12.77152915771206,55.39323279812179],[12.819578677250616,55.3266729393181]]]}},{"type":"Feature","properties":{"code":"94","ring":9,"sector":4},"geometry":{"type":"Polygon","coordinates":[[[13.182073948082799,55.529805115995565],[13.173212739863368,55.51850862704442],[13.163708640292015,55.50738158925775],[13.153572238857416,55.496435768676065],[13.142814766527136,55.485682730064354],[13.131448082209918,55.47513382519992],[13.11948465870491,55.46480018141436],[13.106937568157715,55.45469269039867],[13.093820467042951,55.44482199728049],[13.080147580692856,55.43519848998208],[13.065933687391182,55.42583228886727],[13.051194102051486,55.41673323668521],[13.035944659498503,55.40791088881853],[13.020201697371174,55.399374503842786],[13.00398203866543,55.39113303440459],[12.987302973934687,55.3831951184244],[12.970182243165514,55.375569070630526],[12.952638017345775,55.368262874430116],[12.934688879742032,55.361284174122616],[12.916353806902855,55.35464026746112],[12.897652149404145,55.34833809856653],[12.878603612352418,55.342384251199036],[12.85922823566153,55.33678494239158],[12.839546374118123,55.3315460164492],[12.819578677250616,55.3266729393181],[12.77152915771206,55.39323279812179],[12.787715554637721,55.397184273173394],[12.803669014541901,55.40143230584417],[12.819372734035502,55.40597244212188],[12.834810155013423,55.41079992015977],[12.849964981290107,55.41590967495968],[12.864821195048961,55.421296343360545],[12.879363073092325,55.426954269328625],[12.89357520287841,55.43287750954557],[12.907442498331536,55.43905983929032],[12.920950215411816,55.44549475861051],[12.93408396743027,55.4521754987785],[12.94682974009518,55.459095029027814],[12.959173906275366,55.46624606356404],[12.971103240465867,55.47362106884548],[12.98260493294149,55.48121227112757],[12.99366660358333,55.489011664265234],[13.004276315363521,55.49701101776699],[13.014422587473115,55.50520188509426],[13.02409440807808,55.513575612199325],[13.033281246688183,55.522123346294755],[13.041973066123605,55.530836044846986],[13.05016033406396,55.539704484786704],[13.057834034164447,55.54871927192786],[13.064985676723898,55.5578708505876],[13.182073948082799,55.529805115995565]]]}},{"type":"Feature","properties":{"code":"93","ring":9,"sector":3},"geometry":{"type":"Polygon","coordinates":[[[13.186646949897035,55.81888203055409],[13.194546430058518,55.80734648723993],[13.201765560988818,55.795671450970346],[13.20829715424367,55.783869542944224],[13.214134783569321,55.77195350992538],[13.219272789269795,55.759936210140836],[13.223706281660036,55.747830599107296],[13.227431143613087,55.735649715402886],[13.23044403221069,55.723406666400436],[13.232742379507945,55.71111461397884],[13.234324392423662,55.69878676022873],[13.235189051769126,55.686436333168224],[13.235336110429024,55.674076572484736],[13.234766090709005,55.66172071531802],[13.233480280865338,55.649381982099825],[13.231480730832804,55.63707356246499],[13.228770247167613,55.624808601248425],[13.225352387222847,55.61260018458249],[13.221231452574333,55.60046132610845],[13.216412481715512,55.58840495331584],[13.21090124204008,55.576443894022795],[13.204704221131731,55.564590863010466],[13.19782861738045,55.552858448823834],[13.19028232994519,55.541259100751454],[13.182073948082799,55.529805115995565],[13.064985676723898,55.5578708505876],[13.071607308889407,55.56714951339817],[13.077691524382402,55.57654541130268],[13.083231472731061,55.58604856372531],[13.088220867994053,55.595648868907006],[13.092653996960843,55.60533611439699],[13.09652572681388,55.615099987690414],[13.099831512238264,55.624930087002134],[13.102567401964805,55.63481593216609],[13.104730044732527,55.644746975649994],[13.106316694657231,55.65471261367445],[13.107325215992923,55.66470219742525],[13.107754087273458,55.67470504434792],[13.10760240482219,55.68471044951262],[13.10686988561791,55.69470769703794],[13.105556869505953,55.70468607156149],[13.10366432074395,55.714634869745176],[13.101193828872328,55.72454341180289],[13.098147608900405,55.734401053038006],[13.094528500799651,55.74419719537798],[13.09033996829645,55.75392129889349],[13.085586096957579,55.7635628932887],[13.08027159156246,55.77311158935],[13.074401772757206,55.78255709033987],[13.067982572986406,55.79188920332251],[13.186646949897035,55.81888203055409]]]}},{"type":"Feature","properties":{"code":"92","ring":9,"sector":2},"geometry":{"type":"Polygon","coordinates":[[[12.824152422566113,56.024592923142094],[12.84440943724612,56.01963274847781],[12.864359787490521,56.0143015768525],[12.883981674182921,56.00860526933443],[12.903253687143708,56.0025500857],[12.922154829776959,55.99614267702195],[12.940664543096931,55.98939007780821],[12.958762729101858,55.982299697703624],[12.976429773464195,55.97487931276653],[12.993646567508337,55.96713705633344],[13.01039452944832,55.95908140948516],[13.026655624859924,55.950721191128274],[13.042412386363265,55.94206554770659],[13.057647932493845,55.93312394255713],[13.072345985741785,55.92390614492595],[13.086490889740892,55.91442221865963],[13.100067625591002,55.904682510587826],[13.11306182729891,55.89469763861343],[13.125459796325028,55.88447847952671],[13.137248515224814,55.8740361565599],[13.148415660375722,55.86338202669916],[13.158949613782326,55.85252766777083],[13.168839473953936,55.84148486531908],[13.178075065850859,55.83026559929212],[13.186646949897035,55.81888203055409],[13.067982572986406,55.79188920332251],[13.06102053169959,55.80109785040805],[13.053522789830422,55.81017307990186],[13.045497083547707,55.81910507734568],[13.036951737278349,55.8278841764369],[13.027895656003727,55.83650086981281],[13.018338316831894,55.844945819686345],[13.00828975984942,55.85320986832011],[12.997760578257807,55.861284048325054],[12.986761907800664,55.869159592771304],[12.975305415489169,55.87682794509742],[12.963403287634524,55.88428076880574],[12.951068217197498,55.89150995693084],[12.938313390466359,55.89850764126856],[12.925152473075872,55.90526620135348],[12.911599595381286,55.911778273172736],[12.897669337202567,55.91803675760412],[12.883376711955362,55.92403482856755],[12.86873715018648,55.92976594087797],[12.853766482532967,55.93522383778964],[12.838480922124948,55.94040255822052],[12.822897046453747,55.945296443647415],[12.807031778727865,55.9499001446616],[12.790902368740575,55.954208627175944],[12.774526373273929,55.95821717827467],[12.824152422566113,56.024592923142094]]]}},{"type":"Feature","properties":{"code":"91","ring":9,"sector":1},"geometry":{"type":"Polygon","coordinates":[[[12.306847577433885,56.024592923142094],[12.327389093729748,56.029176645436756],[12.348192610902975,56.03337887209341],[12.369235316595395,56.037194977983646],[12.390494113604621,56.040620761628674],[12.411945647096696,56.043652450210466],[12.433566332215513,56.0462867040767],[12.45533238204756,56.04852062073226],[12.477219835899723,56.050351738311434],[12.499204587846915,56.05177803852505],[12.521262415505714,56.05279794907816],[12.543369008989465,56.053410345554454],[12.5655,56.0536145527643],[12.587630991010535,56.053410345554454],[12.609737584494287,56.05279794907816],[12.631795412153084,56.05177803852505],[12.653780164100276,56.050351738311434],[12.675667617952438,56.04852062073226],[12.697433667784486,56.0462867040767],[12.719054352903303,56.043652450210466],[12.740505886395379,56.040620761628674],[12.761764683404605,56.037194977983646],[12.782807389097023,56.03337887209341],[12.80361090627025,56.029176645436756],[12.824152422566113,56.024592923142094],[12.774526373273929,55.95821717827467],[12.757921636065074,55.961921411697396],[12.741106267361717,55.96531727294948],[12.724098623094513,55.9684010440315],[12.706917283695107,55.97116934778096],[12.68958103258927,55.97361915181972],[12.672108834395416,55.975747772101855],[12.654519812859444,55.97755287605624],[12.636833228557466,55.97903248531966],[12.619068456398544,55.98018497805627],[12.60124496296006,55.98100909085997],[12.58338228368863,55.98150392023697],[12.5655,55.981668923666334],[12.54761771631137,55.98150392023697],[12.52975503703994,55.98100909085997],[12.511931543601454,55.98018497805627],[12.494166771442535,55.97903248531966],[12.476480187140556,55.97755287605624],[12.458891165604582,55.975747772101855],[12.441418967410728,55.97361915181972],[12.424082716304891,55.97116934778096],[12.406901376905488,55.9684010440315],[12.389893732638283,55.96531727294948],[12.373078363934926,55.961921411697396],[12.356473626726071,55.95821717827467],[12.306847577433885,56.024592923142094]]]}},{"type":"Feature","properties":{"code":"88","ring":8,"sector":8},"geometry":{"type":"Polygon","coordinates":[[[12.063017427013595,55.79188920332251],[12.06997946830041,55.80109785040805],[12.077477210169576,55.81017307990186],[12.085502916452294,55.81910507734568],[12.094048262721651,55.8278841764369],[12.103104343996273,55.83650086981281],[12.112661683168106,55.844945819686345],[12.122710240150578,55.85320986832011],[12.133239421742193,55.861284048325054],[12.144238092199334,55.869159592771304],[12.15569458451083,55.87682794509742],[12.167596712365475,55.88428076880574],[12.1799317828025,55.89150995693084],[12.192686609533641,55.89850764126856],[12.205847526924128,55.90526620135348],[12.219400404618714,55.911778273172736],[12.233330662797432,55.91803675760412],[12.247623288044638,55.92403482856755],[12.262262849813519,55.92976594087797],[12.277233517467032,55.93522383778964],[12.292519077875053,55.94040255822052],[12.308102953546253,55.945296443647415],[12.323968221272134,55.9499001446616],[12.340097631259423,55.954208627175944],[12.356473626726071,55.95821717827467],[12.393581593107664,55.908422323487734],[12.380109374450413,55.90512536821976],[12.366839203858875,55.90158165705142],[12.353785484361321,55.897795051743074],[12.340962370957973,55.893769677568045],[12.328383754702386,55.88950991858658],[12.316063247141468,55.885020412629274],[12.304014165133683,55.88030604599668],[12.292249516064338,55.87537194788267],[12.2807819834759,55.870223484528715],[12.269623913130602,55.86486625311695],[12.258787299521623,55.85930607541044],[12.248283772848307,55.853548991148664],[12.238124586469999,55.84760125120744],[12.228320604852083,55.84146931053175],[12.218882292016966,55.835159820851025],[12.209819700511767,55.82867962318624],[12.201142460903524,55.82203574015838],[12.19285977181176,55.81523536810831],[12.184980390487382,55.808285869037775],[12.177512623945793,55.801194762381925],[12.170464320661283,55.79396971662359],[12.16384286282873,55.78661854075976],[12.157655159197741,55.77914917563058],[12.151907638483463,55.77156968512177],[12.063017427013595,55.79188920332251]]]}},{"type":"Feature","properties":{"code":"87","ring":8,"sector":7},"geometry":{"type":"Polygon","coordinates":[[[12.0660143232761,55.5578708505876],[12.059392691110594,55.56714951339817],[12.053308475617596,55.57654541130268],[12.047768527268937,55.58604856372531],[12.042779132005947,55.595648868907006],[12.038346003039155,55.60533611439697],[12.03447427318612,55.615099987690414],[12.031168487761734,55.624930087002134],[12.028432598035193,55.63481593216609],[12.026269955267471,55.644746975649994],[12.024683305342768,55.65471261367445],[12.023674784007078,55.66470219742525],[12.023245912726543,55.67470504434792],[12.023397595177808,55.68471044951262],[12.02413011438209,55.69470769703794],[12.025443130494047,55.70468607156149],[12.02733567925605,55.714634869745176],[12.029806171127673,55.72454341180289],[12.032852391099594,55.734401053038006],[12.036471499200347,55.74419719537798],[12.040660031703549,55.75392129889349],[12.04541390304242,55.7635628932887],[12.050728408437541,55.77311158935],[12.056598227242793,55.78255709033987],[12.063017427013595,55.79188920332251],[12.151907638483463,55.77156968512177],[12.146606243357313,55.763888247250975],[12.141756425020068,55.75611314514872],[12.137363138358793,55.748252757944805],[12.13343083768831,55.74031555157095],[12.129963473076991,55.73231006949031],[12.126964487255918,55.724244923364814],[12.124436813109606,55.71612878367087],[12.122382871745762,55.70797037027434],[12.120804571140777,55.69977844297522],[12.119703305357007,55.69156179203276],[12.11907995432707,55.68332922868137],[12.118934884199989,55.675089575647874],[12.119267948243076,55.66685165768025],[12.120078488293142,55.65862429209814],[12.12136533674989,55.650416279375094],[12.123126819103854,55.6422363937626],[12.125360756990816,55.63409337396553],[12.128064471764079,55.62599591387861],[12.131234788575572,55.61795265339364],[12.13486804095642,55.60997216928628],[12.138960075887093,55.602062966192044],[12.1435062593471,55.594233467679935],[12.148501482333666,55.58649200743291],[12.153940167338737,55.57884682054325],[12.0660143232761,55.5578708505876]]]}},{"type":"Feature","properties":{"code":"86","ring":8,"sector":6},"geometry":{"type":"Polygon","coordinates":[[[12.35947084228794,55.39323279812179],[12.343284445362277,55.397184273173394],[12.327330985458099,55.40143230584417],[12.311627265964498,55.40597244212188],[12.296189844986577,55.41079992015977],[12.281035018709892,55.41590967495968],[12.266178804951037,55.421296343360545],[12.251636926907674,55.426954269328625],[12.237424797121587,55.43287750954557],[12.223557501668465,55.43905983929032],[12.210049784588183,55.44549475861051],[12.196916032569728,55.4521754987785],[12.184170259904818,55.459095029027814],[12.171826093724635,55.46624606356404],[12.159896759534133,55.47362106884548],[12.148395067058509,55.48121227112757],[12.137333396416668,55.489011664265234],[12.126723684636477,55.49701101776699],[12.116577412526883,55.50520188509426],[12.10690559192192,55.513575612199325],[12.097718753311819,55.522123346294755],[12.089026933876394,55.530836044846986],[12.080839665936042,55.539704484786704],[12.073165965835553,55.54871927192786],[12.0660143232761,55.5578708505876],[12.153940167338737,55.57884682054325],[12.159816275273268,55.571306034931716],[12.16612331282758,55.56387766289812],[12.17285434025632,55.55656959281154],[12.180001979576456,55.54938958094793],[12.187558423166475,55.5423452434824],[12.195515442754912,55.535444048643676],[12.203864398786168,55.528693309037735],[12.212596250151512,55.52210017414742],[12.221701564273037,55.51567162301479],[12.231170527528416,55.50941445711243],[12.240992956004048,55.503335293410096],[12.251158306564404,55.49744055764253],[12.261655688225176,55.49173647778418],[12.272473873817944,55.48622907773639],[12.283601311934111,55.48092417123221],[12.295026139135713,55.47582735596417],[12.30673619242102,55.470944007939444],[12.31871902193263,55.46627927606726],[12.330961903895941,55.461838076983],[12.343451853775951,55.45762509011284],[12.356175639640323,55.45364475298325],[12.369119795716747,55.44990125677874],[12.38227063613277,55.44639854215151],[12.395614268826204,55.44314029528632],[12.35947084228794,55.39323279812179]]]}},{"type":"Feature","properties":{"code":"85","ring":8,"sector":5},"geometry":{"type":"Polygon","coordinates":[[[12.77152915771206,55.39323279812179],[12.755126855629566,55.389582022492455],[12.738525891762162,55.386235771816665],[12.721743703873852,55.383197551605654],[12.70479790687135,55.380470543919756],[12.68770627543325,55.37805760425701],[12.670486726530147,55.37596125876374],[12.653157301848246,55.374183701768615],[12.635736150128638,55.37272679364224],[12.618241509434544,55.371592058983445],[12.600691689358628,55.3707806851339],[12.583105053182434,55.370293521021466],[12.5655,55.37013107633366],[12.547894946817564,55.370293521021466],[12.530308310641372,55.3707806851339],[12.512758490565455,55.371592058983445],[12.49526384987136,55.37272679364224],[12.477842698151752,55.374183701768615],[12.460513273469852,55.37596125876374],[12.44329372456675,55.37805760425701],[12.426202093128648,55.380470543919756],[12.409256296126149,55.383197551605654],[12.39247410823784,55.386235771816665],[12.375873144370434,55.389582022492455],[12.35947084228794,55.39323279812179],[12.395614268826204,55.44314029528632],[12.409136609614364,55.44012994422342],[12.42282339641051,55.43737065544271],[12.436660203575789,55.43486533071142],[12.450632456395171,55.432616604197925],[12.464725445665916,55.43062683985384],[12.478924342387044,55.428898129066425],[12.493214212538552,55.427432288582885],[12.507580031938938,55.426230858708436],[12.522006701169843,55.4252951017792],[12.536479060556506,55.424626000911225],[12.550981905192845,55.42422425902658],[12.5655,55.424090298157125],[12.580018094807157,55.42422425902658],[12.594520939443493,55.424626000911225],[12.608993298830155,55.4252951017792],[12.62341996806106,55.426230858708436],[12.637785787461448,55.427432288582885],[12.652075657612954,55.428898129066425],[12.666274554334084,55.43062683985384],[12.680367543604827,55.432616604197925],[12.69433979642421,55.43486533071142],[12.708176603589488,55.43737065544271],[12.721863390385634,55.44012994422342],[12.735385731173796,55.44314029528632],[12.77152915771206,55.39323279812179]]]}},{"type":"Feature","properties":{"code":"84","ring":8,"sector":4},"geometry":{"type":"Polygon","coordinates":[[[13.064985676723898,55.5578708505876],[13.057834034164447,55.54871927192786],[13.05016033406396,55.539704484786704],[13.041973066123605,55.530836044846986],[13.033281246688183,55.522123346294755],[13.02409440807808,55.513575612199325],[13.014422587473115,55.50520188509426],[13.004276315363521,55.49701101776699],[12.99366660358333,55.489011664265234],[12.98260493294149,55.48121227112757],[12.971103240465867,55.47362106884548],[12.959173906275366,55.46624606356404],[12.94682974009518,55.459095029027814],[12.93408396743027,55.4521754987785],[12.920950215411816,55.44549475861051],[12.907442498331536,55.43905983929032],[12.89357520287841,55.43287750954557],[12.879363073092325,55.426954269328625],[12.864821195048961,55.421296343360545],[12.849964981290107,55.41590967495968],[12.834810155013423,55.41079992015977],[12.819372734035502,55.40597244212188],[12.803669014541901,55.40143230584417],[12.787715554637721,55.397184273173394],[12.77152915771206,55.39323279812179],[12.735385731173796,55.44314029528632],[12.748729363867229,55.44639854215151],[12.761880204283253,55.44990125677874],[12.774824360359677,55.45364475298325],[12.787548146224045,55.45762509011284],[12.800038096104059,55.461838076983],[12.812280978067369,55.46627927606726],[12.82426380757898,55.470944007939444],[12.835973860864286,55.47582735596417],[12.847398688065887,55.48092417123221],[12.858526126182054,55.48622907773639],[12.869344311774826,55.49173647778418],[12.879841693435596,55.49744055764253],[12.89000704399595,55.503335293410096],[12.899829472471582,55.50941445711243],[12.909298435726962,55.51567162301479],[12.918403749848487,55.52210017414742],[12.92713560121383,55.528693309037735],[12.935484557245086,55.535444048643676],[12.943441576833525,55.5423452434824],[12.950998020423544,55.54938958094793],[12.958145659743678,55.55656959281154],[12.964876687172419,55.56387766289812],[12.971183724726732,55.571306034931716],[12.977059832661263,55.57884682054325],[13.064985676723898,55.5578708505876]]]}},{"type":"Feature","properties":{"code":"83","ring":8,"sector":3},"geometry":{"type":"Polygon","coordinates":[[[13.067982572986406,55.79188920332251],[13.074401772757206,55.78255709033987],[13.08027159156246,55.77311158935],[13.085586096957579,55.7635628932887],[13.09033996829645,55.75392129889349],[13.094528500799651,55.74419719537798],[13.098147608900405,55.734401053038006],[13.101193828872328,55.72454341180289],[13.10366432074395,55.714634869745176],[13.105556869505953,55.70468607156149],[13.10686988561791,55.69470769703794],[13.10760240482219,55.68471044951262],[13.107754087273458,55.67470504434792],[13.107325215992923,55.66470219742525],[13.106316694657231,55.65471261367445],[13.104730044732527,55.644746975649994],[13.102567401964805,55.63481593216609],[13.099831512238264,55.624930087002134],[13.09652572681388,55.615099987690414],[13.092653996960843,55.60533611439699],[13.088220867994053,55.595648868907006],[13.083231472731061,55.58604856372531],[13.077691524382402,55.57654541130268],[13.071607308889407,55.56714951339817],[13.064985676723898,55.5578708505876],[12.977059832661263,55.57884682054325],[12.982498517666333,55.58649200743291],[12.987493740652898,55.594233467679935],[12.992039924112905,55.602062966192044],[12.99613195904358,55.60997216928628],[12.999765211424426,55.61795265339364],[13.002935528235922,55.62599591387861],[13.005639243009183,55.63409337396553],[13.007873180896144,55.6422363937626],[13.00963466325011,55.650416279375094],[13.010921511706856,55.65862429209814],[13.011732051756923,55.66685165768025],[13.012065115800011,55.675089575647874],[13.011920045672928,55.68332922868137],[13.011296694642994,55.69156179203276],[13.010195428859221,55.69977844297522],[13.008617128254238,55.70797037027434],[13.006563186890393,55.71612878367087],[13.00403551274408,55.724244923364814],[13.001036526923007,55.73231006949031],[12.997569162311688,55.74031555157095],[12.993636861641207,55.748252757944805],[12.989243574979932,55.75611314514872],[12.984393756642685,55.763888247250975],[12.979092361516537,55.77156968512177],[13.067982572986406,55.79188920332251]]]}},{"type":"Feature","properties":{"code":"82","ring":8,"sector":2},"geometry":{"type":"Polygon","coordinates":[[[12.774526373273929,55.95821717827467],[12.790902368740575,55.954208627175944],[12.807031778727865,55.9499001446616],[12.822897046453747,55.945296443647415],[12.838480922124948,55.94040255822052],[12.853766482532967,55.93522383778964],[12.86873715018648,55.92976594087797],[12.883376711955362,55.92403482856755],[12.897669337202567,55.91803675760412],[12.911599595381286,55.911778273172736],[12.925152473075872,55.90526620135348],[12.938313390466359,55.89850764126856],[12.951068217197498,55.89150995693084],[12.963403287634524,55.88428076880574],[12.975305415489169,55.87682794509742],[12.986761907800664,55.869159592771304],[12.997760578257807,55.861284048325054],[13.00828975984942,55.85320986832011],[13.018338316831894,55.844945819686345],[13.027895656003727,55.83650086981281],[13.036951737278349,55.8278841764369],[13.045497083547707,55.81910507734568],[13.053522789830422,55.81017307990186],[13.06102053169959,55.80109785040805],[13.067982572986406,55.79188920332251],[12.979092361516537,55.77156968512177],[12.973344840802257,55.77914917563058],[12.967157137171268,55.78661854075976],[12.960535679338715,55.79396971662359],[12.953487376054206,55.801194762381925],[12.946019609512618,55.808285869037775],[12.93814022818824,55.81523536810831],[12.929857539096474,55.82203574015838],[12.921180299488231,55.82867962318624],[12.912117707983034,55.835159820851025],[12.902679395147915,55.84146931053175],[12.892875413530001,55.84760125120744],[12.882716227151692,55.853548991148664],[12.872212700478375,55.85930607541044],[12.861376086869397,55.86486625311695],[12.8502180165241,55.870223484528715],[12.83875048393566,55.87537194788267],[12.826985834866315,55.88030604599668],[12.814936752858532,55.885020412629274],[12.802616245297614,55.88950991858658],[12.790037629042027,55.893769677568045],[12.777214515638677,55.897795051743074],[12.764160796141123,55.90158165705142],[12.750890625549587,55.90512536821976],[12.737418406892337,55.908422323487734],[12.774526373273929,55.95821717827467]]]}},{"type":"Feature","properties":{"code":"81","ring":8,"sector":1},"geometry":{"type":"Polygon","coordinates":[[[12.356473626726071,55.95821717827467],[12.373078363934926,55.961921411697396],[12.389893732638283,55.96531727294948],[12.406901376905488,55.9684010440315],[12.424082716304891,55.97116934778096],[12.441418967410728,55.97361915181972],[12.458891165604582,55.975747772101855],[12.476480187140556,55.97755287605624],[12.494166771442535,55.97903248531966],[12.511931543601454,55.98018497805627],[12.52975503703994,55.98100909085997],[12.54761771631137,55.98150392023697],[12.5655,55.981668923666334],[12.58338228368863,55.98150392023697],[12.60124496296006,55.98100909085997],[12.619068456398544,55.98018497805627],[12.636833228557466,55.97903248531966],[12.654519812859444,55.97755287605624],[12.672108834395416,55.975747772101855],[12.68958103258927,55.97361915181972],[12.706917283695107,55.97116934778096],[12.724098623094513,55.9684010440315],[12.741106267361717,55.96531727294948],[12.757921636065074,55.961921411697396],[12.774526373273929,55.95821717827467],[12.737418406892337,55.908422323487734],[12.723758774968818,55.91146892903726],[12.70992657977554,55.914261863118725],[12.695936869636474,55.9167980798684],[12.681804874060255,55.91907481281225],[12.667545986347127,55.92108957805058],[12.653175745969124,55.92284017711975],[12.63870982074735,55.924324699526615],[12.624163988850787,55.92554152495225],[12.609554120641404,55.926489325121885],[12.594896160390642,55.927167065338494],[12.580206107892664,55.927574005677776],[12.5655,55.92770970184286],[12.550793892107334,55.927574005677776],[12.536103839609359,55.927167065338494],[12.521445879358595,55.926489325121885],[12.506836011149213,55.92554152495225],[12.492290179252649,55.924324699526615],[12.477824254030876,55.92284017711975],[12.463454013652873,55.92108957805058],[12.449195125939745,55.91907481281225],[12.435063130363524,55.9167980798684],[12.421073420224458,55.914261863118725],[12.40724122503118,55.91146892903726],[12.393581593107664,55.908422323487734],[12.356473626726071,55.95821717827467]]]}},{"type":"Feature","properties":{"code":"78","ring":7,"sector":8},"geometry":{"type":"Polygon","coordinates":[[[12.151907638483463,55.77156968512177],[12.157655159197741,55.77914917563058],[12.16384286282873,55.78661854075976],[12.170464320661283,55.79396971662359],[12.177512623945793,55.801194762381925],[12.184980390487382,55.808285869037775],[12.19285977181176,55.81523536810831],[12.201142460903524,55.82203574015838],[12.209819700511767,55.82867962318624],[12.218882292016966,55.835159820851025],[12.228320604852083,55.84146931053175],[12.238124586469999,55.84760125120744],[12.248283772848307,55.853548991148664],[12.258787299521623,55.85930607541044],[12.269623913130602,55.86486625311695],[12.2807819834759,55.870223484528715],[12.292249516064338,55.87537194788267],[12.304014165133683,55.88030604599668],[12.316063247141468,55.885020412629274],[12.328383754702386,55.88950991858658],[12.340962370957973,55.893769677568045],[12.353785484361321,55.897795051743074],[12.366839203858875,55.90158165705142],[12.380109374450413,55.90512536821976],[12.393581593107664,55.908422323487734],[12.42443217099199,55.866918109036256],[12.413375202960918,55.864212766826874],[12.402483506964128,55.8613049008133],[12.391768876160349,55.85819766991266],[12.381242903209301,55.85489444882906],[12.37091696734531,55.85139882423311],[12.36080222173009,55.847714590705365],[12.350909581100112,55.84384574644928],[12.34124970972362,55.839796488778866],[12.331833009681626,55.83557120938724],[12.322669609486677,55.83117448940205],[12.313769353052583,55.8266110942341],[12.305141789027596,55.82188596822583],[12.296796160502936,55.8170042291065],[12.288741395107845,55.811971162261116],[12.280986095501689,55.80679221482021],[12.273538530272953,55.80147298957811],[12.266406625254234,55.796019238747114],[12.259597955261693,55.79043685755545],[12.253119736266626,55.784731877696835],[12.246978818006243,55.778910460639764],[12.241181677039894,55.77297889080464],[12.23573441025635,55.76694356861702],[12.230642728837028,55.760811003445426],[12.225911952679386,55.754587806431964],[12.151907638483463,55.77156968512177]]]}},{"type":"Feature","properties":{"code":"77","ring":7,"sector":7},"geometry":{"type":"Polygon","coordinates":[[[12.153940167338737,55.57884682054325],[12.148501482333666,55.58649200743291],[12.1435062593471,55.594233467679935],[12.138960075887093,55.602062966192044],[12.13486804095642,55.60997216928628],[12.131234788575572,55.61795265339364],[12.128064471764079,55.62599591387861],[12.125360756990816,55.63409337396553],[12.123126819103854,55.6422363937626],[12.12136533674989,55.650416279375094],[12.120078488293142,55.65862429209814],[12.119267948243076,55.66685165768025],[12.118934884199989,55.675089575647874],[12.11907995432707,55.68332922868137],[12.119703305357007,55.69156179203276],[12.120804571140777,55.69977844297522],[12.122382871745762,55.70797037027434],[12.124436813109606,55.71612878367087],[12.126964487255918,55.724244923364814],[12.129963473076991,55.73231006949031],[12.13343083768831,55.74031555157095],[12.137363138358793,55.748252757944805],[12.141756425020068,55.75611314514872],[12.146606243357313,55.763888247250975],[12.151907638483463,55.77156968512177],[12.225911952679386,55.754587806431964],[12.221547005283895,55.748280683224586],[12.217552409107526,55.74189642661931],[12.213932281385762,55.73544190912111],[12.210690330424729,55.72892407543216],[12.207829852364194,55.722349934876156],[12.205353728411659,55.71572655376716],[12.203264422547132,55.70906104773202],[12.201563979697506,55.70236057399468],[12.200254024378962,55.69563232363134],[12.19933575980521,55.688883513804655],[12.198809967458788,55.68212137998616],[12.198677007122177,55.67535316817466],[12.198936817364975,55.66858612711979],[12.199588916482789,55.66182750055843],[12.200632403883159,55.65508451947284],[12.2020659619133,55.648364394378206],[12.203887858124032,55.64167430764813],[12.206095947963867,55.63502140588576],[12.208687677896869,55.62841279234833],[12.211660088937466,55.62185551943341],[12.215009820595116,55.61535658123378],[12.218733115221372,55.60892290616892],[12.222825822751622,55.60256134970025],[12.227283405833443,55.59627868713731],[12.153940167338737,55.57884682054325]]]}},{"type":"Feature","properties":{"code":"76","ring":7,"sector":6},"geometry":{"type":"Polygon","coordinates":[[[12.395614268826204,55.44314029528632],[12.38227063613277,55.44639854215151],[12.369119795716747,55.44990125677874],[12.356175639640323,55.45364475298325],[12.343451853775951,55.45762509011284],[12.330961903895941,55.461838076983],[12.31871902193263,55.46627927606726],[12.30673619242102,55.470944007939444],[12.295026139135713,55.47582735596417],[12.283601311934111,55.48092417123221],[12.272473873817944,55.48622907773639],[12.261655688225176,55.49173647778418],[12.251158306564404,55.49744055764253],[12.240992956004048,55.503335293410096],[12.231170527528416,55.50941445711243],[12.221701564273037,55.51567162301479],[12.212596250151512,55.52210017414742],[12.203864398786168,55.528693309037735],[12.195515442754912,55.535444048643676],[12.187558423166475,55.5423452434824],[12.180001979576456,55.54938958094793],[12.17285434025632,55.55656959281154],[12.16612331282758,55.56387766289812],[12.159816275273268,55.571306034931716],[12.153940167338737,55.57884682054325],[12.227283405833443,55.59627868713731],[12.232100945333316,55.590081606542114],[12.237273146213143,55.58397670173836],[12.242794343767844,55.57797046543227],[12.248658510215055,55.572069282451864],[12.254859261627802,55.566279423110714],[12.261389865200833,55.560607036702784],[12.268243246841143,55.55505814513412],[12.275411999073125,55.549638636697495],[12.282888389248557,55.544354259995636],[12.290664368051681,55.539210618018586],[12.298731578289399,55.53421316238057],[12.307081363956595,55.52936718772145],[12.315704779566529,55.52467782627798],[12.324592599736155,55.520150042629425],[12.333735329016188,55.51578862862222],[12.343123211955728,55.51159819847825],[12.352746243391163,55.507583184090784],[12.362594178949124,55.50374783051226],[12.372656545753161,55.50009619163772],[12.38292265332392,55.496632126087555],[12.393381604662455,55.49335929329314],[12.404022307506455,55.490281149788565],[12.414833485749043,55.487400945711514],[12.425803691009914,55.4847217215164],[12.395614268826204,55.44314029528632]]]}},{"type":"Feature","properties":{"code":"75","ring":7,"sector":5},"geometry":{"type":"Polygon","coordinates":[[[12.735385731173796,55.44314029528632],[12.721863390385634,55.44012994422342],[12.708176603589488,55.43737065544271],[12.69433979642421,55.43486533071142],[12.680367543604827,55.432616604197925],[12.666274554334084,55.43062683985384],[12.652075657612954,55.428898129066425],[12.637785787461448,55.427432288582885],[12.62341996806106,55.426230858708436],[12.608993298830155,55.4252951017792],[12.594520939443493,55.424626000911225],[12.580018094807157,55.42422425902658],[12.5655,55.424090298157125],[12.550981905192845,55.42422425902658],[12.536479060556506,55.424626000911225],[12.522006701169843,55.4252951017792],[12.507580031938938,55.426230858708436],[12.493214212538552,55.427432288582885],[12.478924342387044,55.428898129066425],[12.464725445665916,55.43062683985384],[12.450632456395171,55.432616604197925],[12.436660203575789,55.43486533071142],[12.42282339641051,55.43737065544271],[12.409136609614364,55.44012994422342],[12.395614268826204,55.44314029528632],[12.425803691009914,55.4847217215164],[12.436921314348563,55.482246304902304],[12.448174598109276,55.479977307958315],[12.45955164788777,55.4779171245286],[12.471040444609176,55.47606792779951],[12.482628856707212,55.47443166811034],[12.494304652394359,55.47301007098998],[12.506055512012887,55.47180463542059],[12.517869040456556,55.470816632330205],[12.529732779652907,55.47004710331494],[12.541634221096006,55.46949685959226],[12.553560818419507,55.46916648118591],[12.5655,55.46905631634334],[12.577439181580491,55.46916648118591],[12.589365778903993,55.46949685959226],[12.601267220347093,55.47004710331494],[12.613130959543446,55.470816632330205],[12.624944487987111,55.47180463542059],[12.63669534760564,55.47301007098998],[12.648371143292788,55.47443166811034],[12.659959555390824,55.47606792779951],[12.671448352112229,55.4779171245286],[12.682825401890723,55.479977307958315],[12.694078685651435,55.482246304902304],[12.705196308990084,55.4847217215164],[12.735385731173796,55.44314029528632]]]}},{"type":"Feature","properties":{"code":"74","ring":7,"sector":4},"geometry":{"type":"Polygon","coordinates":[[[12.977059832661263,55.57884682054325],[12.971183724726732,55.571306034931716],[12.964876687172419,55.56387766289812],[12.958145659743678,55.55656959281154],[12.950998020423544,55.54938958094793],[12.943441576833525,55.5423452434824],[12.935484557245086,55.535444048643676],[12.92713560121383,55.528693309037735],[12.918403749848487,55.52210017414742],[12.909298435726962,55.51567162301479],[12.899829472471582,55.50941445711243],[12.89000704399595,55.503335293410096],[12.879841693435596,55.49744055764253],[12.869344311774826,55.49173647778418],[12.858526126182054,55.48622907773639],[12.847398688065887,55.48092417123221],[12.835973860864286,55.47582735596417],[12.82426380757898,55.470944007939444],[12.812280978067369,55.46627927606726],[12.800038096104059,55.461838076983],[12.787548146224045,55.45762509011284],[12.774824360359677,55.45364475298325],[12.761880204283253,55.44990125677874],[12.748729363867229,55.44639854215151],[12.735385731173796,55.44314029528632],[12.705196308990084,55.4847217215164],[12.716166514250958,55.487400945711514],[12.726977692493545,55.490281149788565],[12.737618395337543,55.49335929329314],[12.748077346676078,55.496632126087555],[12.75834345424684,55.50009619163772],[12.768405821050875,55.50374783051226],[12.778253756608835,55.507583184090784],[12.787876788044272,55.51159819847825],[12.797264670983811,55.51578862862222],[12.806407400263845,55.520150042629425],[12.81529522043347,55.52467782627798],[12.823918636043404,55.52936718772145],[12.8322684217106,55.53421316238057],[12.840335631948319,55.539210618018586],[12.848111610751442,55.544354259995636],[12.855588000926874,55.549638636697495],[12.862756753158855,55.55505814513412],[12.869610134799165,55.560607036702784],[12.876140738372197,55.566279423110714],[12.882341489784944,55.572069282451864],[12.888205656232154,55.57797046543227],[12.893726853786855,55.58397670173836],[12.898899054666684,55.590081606542114],[12.903716594166555,55.59627868713731],[12.977059832661263,55.57884682054325]]]}},{"type":"Feature","properties":{"code":"73","ring":7,"sector":3},"geometry":{"type":"Polygon","coordinates":[[[12.979092361516537,55.77156968512177],[12.984393756642685,55.763888247250975],[12.989243574979932,55.75611314514872],[12.993636861641207,55.748252757944805],[12.997569162311688,55.74031555157095],[13.001036526923007,55.73231006949031],[13.00403551274408,55.724244923364814],[13.006563186890393,55.71612878367087],[13.008617128254238,55.70797037027434],[13.010195428859221,55.69977844297522],[13.011296694642994,55.69156179203276],[13.011920045672928,55.68332922868137],[13.012065115800011,55.675089575647874],[13.011732051756923,55.66685165768025],[13.010921511706856,55.65862429209814],[13.00963466325011,55.650416279375094],[13.007873180896144,55.6422363937626],[13.005639243009183,55.63409337396553],[13.002935528235922,55.62599591387861],[12.999765211424426,55.61795265339364],[12.99613195904358,55.60997216928628],[12.992039924112905,55.602062966192044],[12.987493740652898,55.594233467679935],[12.982498517666333,55.58649200743291],[12.977059832661263,55.57884682054325],[12.903716594166555,55.59627868713731],[12.908174177248377,55.60256134970025],[12.912266884778626,55.60892290616892],[12.915990179404883,55.61535658123378],[12.919339911062533,55.62185551943341],[12.92231232210313,55.62841279234833],[12.924904052036132,55.63502140588576],[12.927112141875966,55.64167430764813],[12.9289340380867,55.648364394378206],[12.93036759611684,55.65508451947284],[12.931411083517212,55.66182750055843],[12.932063182635023,55.66858612711979],[12.932322992877822,55.67535316817466],[12.932190032541213,55.68212137998616],[12.931664240194788,55.688883513804655],[12.930745975621036,55.69563232363134],[12.929436020302495,55.70236057399468],[12.927735577452866,55.70906104773202],[12.92564627158834,55.71572655376716],[12.923170147635805,55.722349934876156],[12.92030966957527,55.72892407543216],[12.917067718614236,55.73544190912111],[12.913447590892472,55.74189642661931],[12.909452994716103,55.748280683224586],[12.905088047320612,55.754587806431964],[12.979092361516537,55.77156968512177]]]}},{"type":"Feature","properties":{"code":"72","ring":7,"sector":2},"geometry":{"type":"Polygon","coordinates":[[[12.737418406892337,55.908422323487734],[12.750890625549587,55.90512536821976],[12.764160796141123,55.90158165705142],[12.777214515638677,55.897795051743074],[12.790037629042027,55.893769677568045],[12.802616245297614,55.88950991858658],[12.814936752858532,55.885020412629274],[12.826985834866315,55.88030604599668],[12.83875048393566,55.87537194788267],[12.8502180165241,55.870223484528715],[12.861376086869397,55.86486625311695],[12.872212700478375,55.85930607541044],[12.882716227151692,55.853548991148664],[12.892875413530001,55.84760125120744],[12.902679395147915,55.84146931053175],[12.912117707983034,55.835159820851025],[12.921180299488231,55.82867962318624],[12.929857539096474,55.82203574015838],[12.93814022818824,55.81523536810831],[12.946019609512618,55.808285869037775],[12.953487376054206,55.801194762381925],[12.960535679338715,55.79396971662359],[12.967157137171268,55.78661854075976],[12.973344840802257,55.77914917563058],[12.979092361516537,55.77156968512177],[12.905088047320612,55.754587806431964],[12.900357271162969,55.760811003445426],[12.89526558974365,55.76694356861702],[12.889818322960105,55.77297889080464],[12.884021181993758,55.778910460639764],[12.877880263733374,55.784731877696835],[12.871402044738305,55.79043685755545],[12.864593374745764,55.796019238747114],[12.857461469727047,55.80147298957811],[12.85001390449831,55.80679221482021],[12.842258604892153,55.811971162261116],[12.834203839497064,55.8170042291065],[12.825858210972404,55.82188596822583],[12.817230646947415,55.8266110942341],[12.808330390513321,55.83117448940205],[12.799166990318373,55.83557120938724],[12.789750290276379,55.839796488778866],[12.780090418899887,55.84384574644928],[12.77019777826991,55.847714590705365],[12.760083032654686,55.85139882423311],[12.749757096790699,55.85489444882906],[12.73923112383965,55.85819766991266],[12.728516493035873,55.8613049008133],[12.71762479703908,55.864212766826874],[12.706567829008009,55.866918109036256],[12.737418406892337,55.908422323487734]]]}},{"type":"Feature","properties":{"code":"71","ring":7,"sector":1},"geometry":{"type":"Polygon","coordinates":[[[12.393581593107664,55.908422323487734],[12.40724122503118,55.91146892903726],[12.421073420224458,55.914261863118725],[12.435063130363524,55.9167980798684],[12.449195125939745,55.91907481281225],[12.463454013652873,55.92108957805058],[12.477824254030876,55.92284017711975],[12.492290179252649,55.924324699526615],[12.506836011149213,55.92554152495225],[12.521445879358595,55.926489325121885],[12.536103839609359,55.927167065338494],[12.550793892107334,55.927574005677776],[12.5655,55.92770970184286],[12.580206107892664,55.927574005677776],[12.594896160390642,55.927167065338494],[12.609554120641404,55.926489325121885],[12.624163988850787,55.92554152495225],[12.63870982074735,55.924324699526615],[12.653175745969124,55.92284017711975],[12.667545986347127,55.92108957805058],[12.681804874060255,55.91907481281225],[12.695936869636474,55.9167980798684],[12.70992657977554,55.914261863118725],[12.723758774968818,55.91146892903726],[12.737418406892337,55.908422323487734],[12.706567829008009,55.866918109036256],[12.695357569410998,55.869417987890785],[12.684006172590106,55.87170968654005],[12.672525953095741,55.87379071391766],[12.660929371809369,55.87565880757053],[12.649229021872136,55.87731193623066],[12.637437614437738,55.87874830212511],[12.625567964268155,55.879966343021806],[12.613632975191175,55.88096473400806],[12.601645625438984,55.88174238899945],[12.589618952887212,55.88229846197731],[12.577566040214165,55.88263234795284],[12.5655,55.882743683656635],[12.553433959785833,55.88263234795284],[12.541381047112788,55.88229846197731],[12.529354374561017,55.88174238899945],[12.517367024808824,55.88096473400806],[12.505432035731845,55.879966343021806],[12.49356238556226,55.87874830212511],[12.481770978127862,55.87731193623066],[12.470070628190632,55.87565880757053],[12.458474046904257,55.87379071391766],[12.446993827409893,55.87170968654005],[12.435642430589002,55.869417987890785],[12.42443217099199,55.866918109036256],[12.393581593107664,55.908422323487734]]]}},{"type":"Feature","properties":{"code":"68","ring":6,"sector":8},"geometry":{"type":"Polygon","coordinates":[[[12.225911952679386,55.754587806431964],[12.230642728837028,55.760811003445426],[12.23573441025635,55.76694356861702],[12.241181677039894,55.77297889080464],[12.246978818006243,55.778910460639764],[12.253119736266626,55.784731877696835],[12.259597955261693,55.79043685755545],[12.266406625254234,55.796019238747114],[12.273538530272953,55.80147298957811],[12.280986095501689,55.80679221482021],[12.288741395107845,55.811971162261116],[12.296796160502936,55.8170042291065],[12.305141789027596,55.82188596822583],[12.313769353052583,55.8266110942341],[12.322669609486677,55.83117448940205],[12.331833009681626,55.83557120938724],[12.34124970972362,55.839796488778866],[12.350909581100112,55.84384574644928],[12.36080222173009,55.847714590705365],[12.37091696734531,55.85139882423311],[12.381242903209301,55.85489444882906],[12.391768876160349,55.85819766991266],[12.402483506964128,55.8613049008133],[12.413375202960918,55.864212766826874],[12.42443217099199,55.866918109036256],[12.455216880343878,55.82540619581562],[12.446571023474782,55.823291213414045],[12.43805396790606,55.82101786591563],[12.429674913469393,55.81858861520928],[12.42144290559175,55.81600609153725],[12.413366825295869,55.81327309055277],[12.405455379407371,55.810392570195226],[12.397717090980167,55.80736764738653],[12.39016028995149,55.80420159455293],[12.382793104037486,55.80089783597664],[12.375623449879857,55.79745994398176],[12.368659024453708,55.793891634959174],[12.361907296746171,55.7901967652356],[12.355375499715086,55.78637932679141],[12.349070622536441,55.78244344283304],[12.342999403148879,55.77839336322489],[12.337168321103029,55.774233459786586],[12.331583590723026,55.76996822146124],[12.326251154587009,55.76560224936039],[12.321176677332936,55.76114025169179],[12.316365539795553,55.75658703857596],[12.311822833479834,55.751947516757625],[12.30755335537574,55.74722668421846],[12.303561603118606,55.74242962469737],[12.299851770499016,55.7375615021247],[12.225911952679386,55.754587806431964]]]}},{"type":"Feature","properties":{"code":"67","ring":6,"sector":7},"geometry":{"type":"Polygon","coordinates":[[[12.227283405833443,55.59627868713731],[12.222825822751622,55.60256134970025],[12.218733115221372,55.60892290616892],[12.215009820595116,55.61535658123378],[12.211660088937466,55.62185551943341],[12.208687677896869,55.62841279234833],[12.206095947963867,55.63502140588576],[12.203887858124032,55.64167430764813],[12.2020659619133,55.648364394378206],[12.200632403883159,55.65508451947284],[12.199588916482789,55.66182750055843],[12.198936817364975,55.66858612711979],[12.198677007122177,55.67535316817466],[12.198809967458788,55.68212137998616],[12.19933575980521,55.688883513804655],[12.200254024378962,55.69563232363134],[12.201563979697506,55.70236057399468],[12.203264422547132,55.70906104773202],[12.205353728411659,55.71572655376716],[12.207829852364194,55.722349934876156],[12.210690330424729,55.72892407543216],[12.213932281385762,55.73544190912111],[12.217552409107526,55.74189642661931],[12.221547005283895,55.748280683224586],[12.225911952679386,55.754587806431964],[12.299851770499016,55.7375615021247],[12.296427743325449,55.73262755497691],[12.293293095642596,55.72763309055824],[12.290451086307645,55.72258347921592],[12.287904655926443,55.71748414849556],[12.285656424150885,55.712340577243424],[12.28370868733849,55.70715828966215],[12.282063416574609,55.70194284932675],[12.280722256057233,55.696699853167324],[12.279686521844038,55.69143492542557],[12.278957200960729,55.68615371159133],[12.278534950869421,55.68086187232614],[12.278420099295356,55.67556507738026],[12.278612644409836,55.6702689995098],[12.279112255366895,55.664979308400504],[12.279918273190818,55.65970166460462],[12.28102971201134,55.65444171349747],[12.282445260642884,55.64920507925992],[12.284163284503945,55.643997358893046],[12.286181827872417,55.63882411627142],[12.288498616472289,55.63369087624103],[12.291111060386879,55.62860311876781],[12.294016257293517,55.6235662731431],[12.297210996014236,55.618585712251374],[12.300691760376912,55.613666746906596],[12.227283405833443,55.59627868713731]]]}},{"type":"Feature","properties":{"code":"66","ring":6,"sector":6},"geometry":{"type":"Polygon","coordinates":[[[12.425803691009914,55.4847217215164],[12.414833485749043,55.487400945711514],[12.404022307506455,55.490281149788565],[12.393381604662455,55.49335929329314],[12.38292265332392,55.496632126087555],[12.372656545753161,55.50009619163772],[12.362594178949124,55.50374783051226],[12.352746243391163,55.507583184090784],[12.343123211955728,55.51159819847825],[12.333735329016188,55.51578862862222],[12.324592599736155,55.520150042629425],[12.315704779566529,55.52467782627798],[12.307081363956595,55.52936718772145],[12.298731578289399,55.53421316238057],[12.290664368051681,55.539210618018586],[12.282888389248557,55.544354259995636],[12.275411999073125,55.549638636697495],[12.268243246841143,55.55505814513412],[12.261389865200833,55.560607036702784],[12.254859261627802,55.566279423110714],[12.248658510215055,55.572069282451864],[12.242794343767844,55.57797046543227],[12.237273146213143,55.58397670173836],[12.232100945333316,55.590081606542114],[12.227283405833443,55.59627868713731],[12.300691760376912,55.613666746906596],[12.304454733380872,55.60881462026244],[12.308495801660976,55.60403450230225],[12.312810560243756,55.59933148441371],[12.317394317589153,55.59471057405434],[12.322242100911089,55.59017668951212],[12.327348661770019,55.585734654767094],[12.332708481930403,55.58138919445834],[12.338315779475872,55.577144928961495],[12.344164515174718,55.573006369581385],[12.350248399088281,55.568977913864295],[12.356560897414557,55.56506384103425],[12.363095239559348,55.561268307557825],[12.369844425427095,55.55759534284124],[12.376801232923505,55.55404884506403],[12.38395822566195,55.55063257715307],[12.391307760865544,55.54735016290035],[12.398841997456758,55.5442050832286],[12.406552904326329,55.54120067260759],[12.414432268773242,55.5383401156247],[12.422471705107363,55.5356264437127],[12.430662663406451,55.533062532037754],[12.438996438419052,55.53065109655018],[12.447464178604884,55.52839469120109],[12.456056895304195,55.526295705326774],[12.425803691009914,55.4847217215164]]]}},{"type":"Feature","properties":{"code":"65","ring":6,"sector":5},"geometry":{"type":"Polygon","coordinates":[[[12.705196308990084,55.4847217215164],[12.694078685651435,55.482246304902304],[12.682825401890723,55.479977307958315],[12.671448352112229,55.4779171245286],[12.659959555390824,55.47606792779951],[12.648371143292788,55.47443166811034],[12.63669534760564,55.47301007098998],[12.624944487987111,55.47180463542059],[12.613130959543446,55.470816632330205],[12.601267220347093,55.47004710331494],[12.589365778903993,55.46949685959226],[12.577439181580491,55.46916648118591],[12.5655,55.46905631634334],[12.553560818419507,55.46916648118591],[12.541634221096006,55.46949685959226],[12.529732779652907,55.47004710331494],[12.517869040456556,55.470816632330205],[12.506055512012887,55.47180463542059],[12.494304652394359,55.47301007098998],[12.482628856707212,55.47443166811034],[12.471040444609176,55.47606792779951],[12.45955164788777,55.4779171245286],[12.448174598109276,55.479977307958315],[12.436921314348563,55.482246304902304],[12.425803691009914,55.4847217215164],[12.456056895304195,55.526295705326774],[12.464765472027604,55.52435636120351],[12.473580673857887,55.52257871177493],[12.482493156955163,55.520964638553814],[12.491493478156912,55.51951584970008],[12.500572104664224,55.51823387827697],[12.509719423805702,55.51712008068655],[12.51892575287043,55.5161756352862],[12.528181349001322,55.515401541186996],[12.537476419140337,55.51479861723535],[12.546801130016823,55.514367501178555],[12.556145618170442,55.514108649014986],[12.5655,55.514022334529585],[12.574854381829558,55.514108649014986],[12.584198869983178,55.514367501178555],[12.593523580859662,55.51479861723535],[12.602818650998676,55.515401541186996],[12.61207424712957,55.5161756352862],[12.621280576194298,55.51712008068655],[12.630427895335774,55.51823387827697],[12.639506521843087,55.51951584970008],[12.648506843044835,55.520964638553814],[12.657419326142113,55.52257871177493],[12.666234527972396,55.52435636120351],[12.674943104695803,55.526295705326774],[12.705196308990084,55.4847217215164]]]}},{"type":"Feature","properties":{"code":"64","ring":6,"sector":4},"geometry":{"type":"Polygon","coordinates":[[[12.903716594166555,55.59627868713731],[12.898899054666684,55.590081606542114],[12.893726853786855,55.58397670173836],[12.888205656232154,55.57797046543227],[12.882341489784944,55.572069282451864],[12.876140738372197,55.566279423110714],[12.869610134799165,55.560607036702784],[12.862756753158855,55.55505814513412],[12.855588000926874,55.549638636697495],[12.848111610751442,55.544354259995636],[12.840335631948319,55.539210618018586],[12.8322684217106,55.53421316238057],[12.823918636043404,55.52936718772145],[12.81529522043347,55.52467782627798],[12.806407400263845,55.520150042629425],[12.797264670983811,55.51578862862222],[12.787876788044272,55.51159819847825],[12.778253756608835,55.507583184090784],[12.768405821050875,55.50374783051226],[12.75834345424684,55.50009619163772],[12.748077346676078,55.496632126087555],[12.737618395337543,55.49335929329314],[12.726977692493545,55.490281149788565],[12.716166514250958,55.487400945711514],[12.705196308990084,55.4847217215164],[12.674943104695803,55.526295705326774],[12.683535821395115,55.52839469120109],[12.692003561580945,55.53065109655018],[12.700337336593547,55.533062532037754],[12.708528294892636,55.5356264437127],[12.716567731226757,55.5383401156247],[12.72444709567367,55.54120067260759],[12.732158002543242,55.5442050832286],[12.739692239134454,55.54735016290035],[12.74704177433805,55.55063257715307],[12.754198767076494,55.55404884506403],[12.761155574572905,55.55759534284124],[12.767904760440652,55.561268307557825],[12.774439102585442,55.56506384103425],[12.780751600911719,55.568977913864295],[12.786835484825282,55.573006369581385],[12.792684220524128,55.577144928961495],[12.798291518069597,55.58138919445834],[12.803651338229981,55.585734654767094],[12.808757899088912,55.59017668951212],[12.813605682410845,55.59471057405434],[12.818189439756242,55.59933148441371],[12.822504198339024,55.60403450230225],[12.826545266619126,55.60881462026244],[12.830308239623088,55.613666746906596],[12.903716594166555,55.59627868713731]]]}},{"type":"Feature","properties":{"code":"63","ring":6,"sector":3},"geometry":{"type":"Polygon","coordinates":[[[12.905088047320612,55.754587806431964],[12.909452994716103,55.748280683224586],[12.913447590892472,55.74189642661931],[12.917067718614236,55.73544190912111],[12.92030966957527,55.72892407543216],[12.923170147635805,55.722349934876156],[12.92564627158834,55.71572655376716],[12.927735577452866,55.70906104773202],[12.929436020302495,55.70236057399468],[12.930745975621036,55.69563232363134],[12.931664240194788,55.688883513804655],[12.932190032541213,55.68212137998616],[12.932322992877822,55.67535316817466],[12.932063182635023,55.66858612711979],[12.931411083517212,55.66182750055843],[12.93036759611684,55.65508451947284],[12.9289340380867,55.648364394378206],[12.927112141875966,55.64167430764813],[12.924904052036132,55.63502140588576],[12.92231232210313,55.62841279234833],[12.919339911062533,55.62185551943341],[12.915990179404883,55.61535658123378],[12.912266884778626,55.60892290616892],[12.908174177248377,55.60256134970025],[12.903716594166555,55.59627868713731],[12.830308239623088,55.613666746906596],[12.833789003985762,55.618585712251374],[12.836983742706483,55.6235662731431],[12.83988893961312,55.62860311876781],[12.84250138352771,55.63369087624103],[12.844818172127583,55.63882411627142],[12.846836715496053,55.643997358893046],[12.848554739357114,55.64920507925992],[12.84997028798866,55.65444171349747],[12.851081726809182,55.65970166460462],[12.851887744633105,55.664979308400504],[12.852387355590162,55.6702689995098],[12.852579900704642,55.67556507738026],[12.85246504913058,55.68086187232614],[12.85204279903927,55.68615371159133],[12.85131347815596,55.69143492542557],[12.850277743942765,55.696699853167324],[12.84893658342539,55.70194284932675],[12.84729131266151,55.70715828966215],[12.845343575849116,55.712340577243424],[12.843095344073557,55.71748414849556],[12.840548913692354,55.72258347921592],[12.837706904357402,55.72763309055824],[12.83457225667455,55.73262755497691],[12.831148229500984,55.7375615021247],[12.905088047320612,55.754587806431964]]]}},{"type":"Feature","properties":{"code":"62","ring":6,"sector":2},"geometry":{"type":"Polygon","coordinates":[[[12.706567829008009,55.866918109036256],[12.71762479703908,55.864212766826874],[12.728516493035873,55.8613049008133],[12.73923112383965,55.85819766991266],[12.749757096790699,55.85489444882906],[12.760083032654686,55.85139882423311],[12.77019777826991,55.847714590705365],[12.780090418899887,55.84384574644928],[12.789750290276379,55.839796488778866],[12.799166990318373,55.83557120938724],[12.808330390513321,55.83117448940205],[12.817230646947415,55.8266110942341],[12.825858210972404,55.82188596822583],[12.834203839497064,55.8170042291065],[12.842258604892153,55.811971162261116],[12.85001390449831,55.80679221482021],[12.857461469727047,55.80147298957811],[12.864593374745764,55.796019238747114],[12.871402044738305,55.79043685755545],[12.877880263733374,55.784731877696835],[12.884021181993758,55.778910460639764],[12.889818322960105,55.77297889080464],[12.89526558974365,55.76694356861702],[12.900357271162969,55.760811003445426],[12.905088047320612,55.754587806431964],[12.831148229500984,55.7375615021247],[12.827438396881393,55.74242962469737],[12.823446644624259,55.74722668421846],[12.819177166520165,55.751947516757625],[12.814634460204445,55.75658703857596],[12.809823322667063,55.76114025169179],[12.80474884541299,55.76560224936039],[12.799416409276972,55.76996822146124],[12.793831678896971,55.774233459786586],[12.78800059685112,55.77839336322489],[12.781929377463559,55.78244344283304],[12.775624500284913,55.78637932679141],[12.769092703253829,55.7901967652356],[12.76234097554629,55.793891634959174],[12.755376550120141,55.79745994398176],[12.748206895962515,55.80089783597664],[12.740839710048508,55.80420159455293],[12.733282909019831,55.80736764738653],[12.725544620592627,55.810392570195226],[12.717633174704131,55.81327309055277],[12.709557094408247,55.81600609153725],[12.701325086530606,55.81858861520928],[12.692946032093941,55.82101786591563],[12.684428976525217,55.823291213414045],[12.67578311965612,55.82540619581562],[12.706567829008009,55.866918109036256]]]}},{"type":"Feature","properties":{"code":"61","ring":6,"sector":1},"geometry":{"type":"Polygon","coordinates":[[[12.42443217099199,55.866918109036256],[12.435642430589002,55.869417987890785],[12.446993827409893,55.87170968654005],[12.458474046904257,55.87379071391766],[12.470070628190632,55.87565880757053],[12.481770978127862,55.87731193623066],[12.49356238556226,55.87874830212511],[12.505432035731845,55.879966343021806],[12.517367024808824,55.88096473400806],[12.529354374561017,55.88174238899945],[12.541381047112788,55.88229846197731],[12.553433959785833,55.88263234795284],[12.5655,55.882743683656635],[12.577566040214165,55.88263234795284],[12.589618952887212,55.88229846197731],[12.601645625438984,55.88174238899945],[12.613632975191175,55.88096473400806],[12.625567964268155,55.879966343021806],[12.637437614437738,55.87874830212511],[12.649229021872136,55.87731193623066],[12.660929371809369,55.87565880757053],[12.672525953095741,55.87379071391766],[12.684006172590106,55.87170968654005],[12.695357569410998,55.869417987890785],[12.706567829008009,55.866918109036256],[12.67578311965612,55.82540619581562],[12.66701780552902,55.82736052234059],[12.65814251202079,55.82915207588456],[12.649166840297204,55.83077891539143],[12.640100504110945,55.83223927803044],[12.630953318956534,55.83353158117415],[12.621735191095699,55.834654424175305],[12.612456106467054,55.835606589939786],[12.603126119493995,55.83638704629421],[12.593755341805066,55.83699494714583],[12.58435393088115,55.83742963343384],[12.574932078643888,55.837690633870345],[12.5655,55.837777665470405],[12.55606792135611,55.837690633870345],[12.54664606911885,55.83742963343384],[12.537244658194933,55.83699494714583],[12.527873880506005,55.83638704629421],[12.518543893532945,55.835606589939786],[12.5092648089043,55.834654424175305],[12.500046681043466,55.83353158117415],[12.490899495889055,55.83223927803044],[12.481833159702797,55.83077891539143],[12.472857487979208,55.82915207588456],[12.46398219447098,55.82736052234059],[12.455216880343878,55.82540619581562],[12.42443217099199,55.866918109036256]]]}},{"type":"Feature","properties":{"code":"58","ring":5,"sector":8},"geometry":{"type":"Polygon","coordinates":[[[12.299851770499016,55.7375615021247],[12.303561603118606,55.74242962469737],[12.30755335537574,55.74722668421846],[12.311822833479834,55.751947516757625],[12.316365539795553,55.75658703857596],[12.321176677332936,55.76114025169179],[12.326251154587009,55.76560224936039],[12.331583590723026,55.76996822146124],[12.337168321103029,55.774233459786586],[12.342999403148879,55.77839336322489],[12.349070622536441,55.78244344283304],[12.355375499715086,55.78637932679141],[12.361907296746171,55.7901967652356],[12.368659024453708,55.793891634959174],[12.375623449879857,55.79745994398176],[12.382793104037486,55.80089783597664],[12.39016028995149,55.80420159455293],[12.397717090980167,55.80736764738653],[12.405455379407371,55.810392570195226],[12.413366825295869,55.81327309055277],[12.42144290559175,55.81600609153725],[12.429674913469393,55.81858861520928],[12.43805396790606,55.82101786591563],[12.446571023474782,55.823291213414045],[12.455216880343878,55.82540619581562],[12.47979737761999,55.79219114121272],[12.473077434979716,55.7905475471074],[12.46645733535846,55.78878086209207],[12.459944215801139,55.78689299458781],[12.453545094805495,55.78488598363191],[12.447266864617177,55.78276199661893],[12.441116283678303,55.7805233269008],[12.43509996923833,55.77817239124905],[12.42922439013576,55.77571172718247],[12.423495859759008,55.7731439901629],[12.417920529194422,55.77047195066312],[12.412504380569189,55.76769849110996],[12.40725322059649,55.76482660270649],[12.402172674330076,55.761859382137],[12.397268179135,55.75880002815873],[12.392544978880972,55.75565183808449],[12.38800811836445,55.752418204160136],[12.383662437965285,55.74910260984138],[12.379512568543285,55.74570862597413],[12.375562926579894,55.74223990688313],[12.371817709569592,55.73870018637298],[12.368280891665517,55.73509327364676],[12.364956219583261,55.73142304914652],[12.361847208766521,55.72769346032071],[12.358957139817932,55.72390851732329],[12.299851770499016,55.7375615021247]]]}},{"type":"Feature","properties":{"code":"57","ring":5,"sector":7},"geometry":{"type":"Polygon","coordinates":[[[12.300691760376912,55.613666746906596],[12.297210996014236,55.618585712251374],[12.294016257293517,55.6235662731431],[12.291111060386879,55.62860311876781],[12.288498616472289,55.63369087624103],[12.286181827872417,55.63882411627142],[12.284163284503945,55.643997358893046],[12.282445260642884,55.64920507925992],[12.28102971201134,55.65444171349747],[12.279918273190818,55.65970166460462],[12.279112255366895,55.664979308400504],[12.278612644409836,55.6702689995098],[12.278420099295356,55.67556507738026],[12.278534950869421,55.68086187232614],[12.278957200960729,55.68615371159133],[12.279686521844038,55.69143492542557],[12.280722256057233,55.696699853167324],[12.282063416574609,55.70194284932675],[12.28370868733849,55.70715828966215],[12.285656424150885,55.712340577243424],[12.287904655926443,55.71748414849556],[12.290451086307645,55.72258347921592],[12.293293095642596,55.72763309055824],[12.296427743325449,55.73262755497691],[12.299851770499016,55.7375615021247],[12.358957139817932,55.72390851732329],[12.356289055198001,55.720072288649426],[12.353845756194763,55.71618889671292],[12.351629800166375,55.71226251337011],[12.34964349805851,55.70829735539555],[12.34788891219816,55.70429767991435],[12.346367854364916,55.70026777979652],[12.34508188414067,55.69621197901814],[12.34403230753819,55.69213462799482],[12.343220175908721,55.68804009889234],[12.342646285128511,55.68393278091973],[12.342311175063719,55.679817075609996],[12.342215129312947,55.67569739209341],[12.34235817522627,55.671578142368716],[12.342740084199388,55.667463736577204],[12.343360372241142,55.6633585782847],[12.344218300812459,55.65926705977656],[12.345312877934475,55.65519355737061],[12.3466428595632,55.65114242675305],[12.34820675122808,55.64711799834206],[12.350002809931253,55.6431245726841],[12.352029046304319,55.63916641588765],[12.354283227019048,55.63524775509896],[12.356762877448256,55.63137277402477],[12.35946528457291,55.627545608506175],[12.300691760376912,55.613666746906596]]]}},{"type":"Feature","properties":{"code":"56","ring":5,"sector":6},"geometry":{"type":"Polygon","coordinates":[[[12.456056895304195,55.526295705326774],[12.447464178604884,55.52839469120109],[12.438996438419052,55.53065109655018],[12.430662663406451,55.533062532037754],[12.422471705107363,55.5356264437127],[12.414432268773242,55.5383401156247],[12.406552904326329,55.54120067260759],[12.398841997456758,55.5442050832286],[12.391307760865544,55.54735016290035],[12.38395822566195,55.55063257715307],[12.376801232923505,55.55404884506403],[12.369844425427095,55.55759534284124],[12.363095239559348,55.561268307557825],[12.356560897414557,55.56506384103425],[12.350248399088281,55.568977913864295],[12.344164515174718,55.573006369581385],[12.338315779475872,55.577144928961495],[12.332708481930403,55.58138919445834],[12.327348661770019,55.585734654767094],[12.322242100911089,55.59017668951212],[12.317394317589153,55.59471057405434],[12.312810560243756,55.59933148441371],[12.308495801660976,55.60403450230225],[12.304454733380872,55.60881462026244],[12.300691760376912,55.613666746906596],[12.35946528457291,55.627545608506175],[12.362387500131247,55.62377034214855],[12.36552634400553,55.62005100201164],[12.368878407841898,55.61639155436432],[12.372440058898475,55.61279590050822],[12.376207444116892,55.60926787267445],[12.380176494412067,55.60581122999741],[12.384342929174982,55.60242965456974],[12.388702260983072,55.59912674758224],[12.393249800512699,55.5959060255525],[12.39798066164793,55.59277091664615],[12.402889766779946,55.589724757093926],[12.407971852291023,55.58677078770835],[12.413221474217147,55.583912150503146],[12.418633014083031,55.581151885418876],[12.424200684903353,55.57849292715756],[12.429918537343838,55.57593810212972],[12.43578046603579,55.573490125516365],[12.441780216037554,55.57115159844898],[12.447911389436292,55.568925005309886],[12.454167452083546,55.56681271115586],[12.460541740457726,55.564816959267],[12.467027468646878,55.56293986882356],[12.473617735444826,55.56118343271247],[12.480305531553881,55.559549515466045],[12.456056895304195,55.526295705326774]]]}},{"type":"Feature","properties":{"code":"55","ring":5,"sector":5},"geometry":{"type":"Polygon","coordinates":[[[12.674943104695803,55.526295705326774],[12.666234527972396,55.52435636120351],[12.657419326142113,55.52257871177493],[12.648506843044835,55.520964638553814],[12.639506521843087,55.51951584970008],[12.630427895335774,55.51823387827697],[12.621280576194298,55.51712008068655],[12.61207424712957,55.5161756352862],[12.602818650998676,55.515401541186996],[12.593523580859662,55.51479861723535],[12.584198869983178,55.514367501178555],[12.574854381829558,55.514108649014986],[12.5655,55.514022334529585],[12.556145618170442,55.514108649014986],[12.546801130016823,55.514367501178555],[12.537476419140337,55.51479861723535],[12.528181349001322,55.515401541186996],[12.51892575287043,55.5161756352862],[12.509719423805702,55.51712008068655],[12.500572104664224,55.51823387827697],[12.491493478156912,55.51951584970008],[12.482493156955163,55.520964638553814],[12.473580673857887,55.52257871177493],[12.464765472027604,55.52435636120351],[12.456056895304195,55.526295705326774],[12.480305531553881,55.559549515466045],[12.487083746887157,55.55803985133426],[12.493945177963543,55.55665604249287],[12.500882535388355,55.555399557388704],[12.507888451412624,55.55427172922373],[12.514955487563974,55.55327375457934],[12.522076142341966,55.55240669218207],[12.529242858970875,55.551671461811765],[12.536448033202676,55.55106884335345],[12.543684021163179,55.55059947599357],[12.550943147234085,55.55026385756126],[12.55821771196383,55.55006234401553],[12.5655,55.54999514907856],[12.572782288036171,55.55006234401553],[12.580056852765916,55.55026385756126],[12.587315978836822,55.55059947599357],[12.594551966797324,55.55106884335345],[12.601757141029124,55.551671461811765],[12.608923857658032,55.55240669218207],[12.616044512436027,55.55327375457934],[12.623111548587374,55.55427172922373],[12.630117464611645,55.555399557388704],[12.637054822036458,55.55665604249287],[12.643916253112842,55.55803985133426],[12.650694468446117,55.559549515466045],[12.674943104695803,55.526295705326774]]]}},{"type":"Feature","properties":{"code":"54","ring":5,"sector":4},"geometry":{"type":"Polygon","coordinates":[[[12.830308239623088,55.613666746906596],[12.826545266619126,55.60881462026244],[12.822504198339024,55.60403450230225],[12.818189439756242,55.59933148441371],[12.813605682410845,55.59471057405434],[12.808757899088912,55.59017668951212],[12.803651338229981,55.585734654767094],[12.798291518069597,55.58138919445834],[12.792684220524128,55.577144928961495],[12.786835484825282,55.573006369581385],[12.780751600911719,55.568977913864295],[12.774439102585442,55.56506384103425],[12.767904760440652,55.561268307557825],[12.761155574572905,55.55759534284124],[12.754198767076494,55.55404884506403],[12.74704177433805,55.55063257715307],[12.739692239134454,55.54735016290035],[12.732158002543242,55.5442050832286],[12.72444709567367,55.54120067260759],[12.716567731226757,55.5383401156247],[12.708528294892636,55.5356264437127],[12.700337336593547,55.533062532037754],[12.692003561580945,55.53065109655018],[12.683535821395115,55.52839469120109],[12.674943104695803,55.526295705326774],[12.650694468446117,55.559549515466045],[12.657382264555174,55.56118343271247],[12.663972531353123,55.56293986882356],[12.670458259542274,55.564816959267],[12.676832547916455,55.56681271115586],[12.683088610563708,55.568925005309886],[12.689219783962445,55.57115159844898],[12.695219533964208,55.573490125516365],[12.701081462656163,55.57593810212972],[12.706799315096648,55.57849292715756],[12.712366985916969,55.581151885418876],[12.717778525782851,55.583912150503146],[12.723028147708975,55.58677078770835],[12.728110233220054,55.589724757093926],[12.73301933835207,55.59277091664615],[12.7377501994873,55.5959060255525],[12.742297739016927,55.59912674758224],[12.746657070825018,55.60242965456974],[12.750823505587931,55.60581122999741],[12.754792555883109,55.60926787267445],[12.758559941101526,55.61279590050822],[12.762121592158104,55.61639155436432],[12.765473655994468,55.62005100201164],[12.768612499868752,55.62377034214855],[12.771534715427089,55.627545608506175],[12.830308239623088,55.613666746906596]]]}},{"type":"Feature","properties":{"code":"53","ring":5,"sector":3},"geometry":{"type":"Polygon","coordinates":[[[12.831148229500984,55.7375615021247],[12.83457225667455,55.73262755497691],[12.837706904357402,55.72763309055824],[12.840548913692354,55.72258347921592],[12.843095344073557,55.71748414849556],[12.845343575849116,55.712340577243424],[12.84729131266151,55.70715828966215],[12.84893658342539,55.70194284932675],[12.850277743942765,55.696699853167324],[12.85131347815596,55.69143492542557],[12.85204279903927,55.68615371159133],[12.85246504913058,55.68086187232614],[12.852579900704642,55.67556507738026],[12.852387355590162,55.6702689995098],[12.851887744633105,55.664979308400504],[12.851081726809182,55.65970166460462],[12.84997028798866,55.65444171349747],[12.848554739357114,55.64920507925992],[12.846836715496053,55.643997358893046],[12.844818172127583,55.63882411627142],[12.84250138352771,55.63369087624103],[12.83988893961312,55.62860311876781],[12.836983742706483,55.6235662731431],[12.833789003985762,55.618585712251374],[12.830308239623088,55.613666746906596],[12.771534715427089,55.627545608506175],[12.774237122551742,55.63137277402477],[12.776716772980953,55.63524775509896],[12.778970953695682,55.63916641588765],[12.780997190068748,55.6431245726841],[12.782793248771918,55.64711799834206],[12.784357140436798,55.65114242675305],[12.785687122065525,55.65519355737061],[12.786781699187541,55.65926705977656],[12.787639627758859,55.6633585782847],[12.78825991580061,55.667463736577204],[12.788641824773729,55.671578142368716],[12.788784870687053,55.67569739209341],[12.78868882493628,55.679817075609996],[12.788353714871487,55.68393278091973],[12.78777982409128,55.68804009889234],[12.786967692461808,55.69213462799482],[12.785918115859328,55.69621197901814],[12.784632145635083,55.70026777979652],[12.783111087801839,55.70429767991435],[12.781356501941488,55.70829735539555],[12.779370199833625,55.71226251337011],[12.777154243805235,55.71618889671292],[12.774710944801999,55.720072288649426],[12.772042860182069,55.72390851732329],[12.831148229500984,55.7375615021247]]]}},{"type":"Feature","properties":{"code":"52","ring":5,"sector":2},"geometry":{"type":"Polygon","coordinates":[[[12.67578311965612,55.82540619581562],[12.684428976525217,55.823291213414045],[12.692946032093941,55.82101786591563],[12.701325086530606,55.81858861520928],[12.709557094408247,55.81600609153725],[12.717633174704131,55.81327309055277],[12.725544620592627,55.810392570195226],[12.733282909019831,55.80736764738653],[12.740839710048508,55.80420159455293],[12.748206895962515,55.80089783597664],[12.755376550120141,55.79745994398176],[12.76234097554629,55.793891634959174],[12.769092703253829,55.7901967652356],[12.775624500284913,55.78637932679141],[12.781929377463559,55.78244344283304],[12.78800059685112,55.77839336322489],[12.793831678896971,55.774233459786586],[12.799416409276972,55.76996822146124],[12.80474884541299,55.76560224936039],[12.809823322667063,55.76114025169179],[12.814634460204445,55.75658703857596],[12.819177166520165,55.751947516757625],[12.823446644624259,55.74722668421846],[12.827438396881393,55.74242962469737],[12.831148229500984,55.7375615021247],[12.772042860182069,55.72390851732329],[12.769152791233479,55.72769346032071],[12.766043780416737,55.73142304914652],[12.762719108334482,55.73509327364676],[12.759182290430408,55.73870018637298],[12.755437073420104,55.74223990688313],[12.751487431456713,55.74570862597413],[12.747337562034716,55.74910260984138],[12.742991881635549,55.752418204160136],[12.738455021119028,55.75565183808449],[12.733731820865,55.75880002815873],[12.728827325669924,55.761859382137],[12.72374677940351,55.76482660270649],[12.71849561943081,55.76769849110996],[12.713079470805578,55.77047195066312],[12.707504140240992,55.7731439901629],[12.701775609864239,55.77571172718247],[12.695900030761669,55.77817239124905],[12.689883716321697,55.7805233269008],[12.683733135382823,55.78276199661893],[12.677454905194503,55.78488598363191],[12.67105578419886,55.78689299458781],[12.664542664641539,55.78878086209207],[12.657922565020282,55.7905475471074],[12.651202622380008,55.79219114121272],[12.67578311965612,55.82540619581562]]]}},{"type":"Feature","properties":{"code":"51","ring":5,"sector":1},"geometry":{"type":"Polygon","coordinates":[[[12.455216880343878,55.82540619581562],[12.46398219447098,55.82736052234059],[12.472857487979208,55.82915207588456],[12.481833159702797,55.83077891539143],[12.490899495889055,55.83223927803044],[12.500046681043466,55.83353158117415],[12.5092648089043,55.834654424175305],[12.518543893532945,55.835606589939786],[12.527873880506005,55.83638704629421],[12.537244658194933,55.83699494714583],[12.54664606911885,55.83742963343384],[12.55606792135611,55.837690633870345],[12.5655,55.837777665470405],[12.574932078643888,55.837690633870345],[12.58435393088115,55.83742963343384],[12.593755341805066,55.83699494714583],[12.603126119493995,55.83638704629421],[12.612456106467054,55.835606589939786],[12.621735191095699,55.834654424175305],[12.630953318956534,55.83353158117415],[12.640100504110945,55.83223927803044],[12.649166840297204,55.83077891539143],[12.65814251202079,55.82915207588456],[12.66701780552902,55.82736052234059],[12.67578311965612,55.82540619581562],[12.651202622380008,55.79219114121272],[12.644390084463481,55.79370986871888],[12.637492301726885,55.795102088637925],[12.630516719229798,55.796366296504125],[12.623470868409287,55.79750112604413],[12.616362358748066,55.79850535069432],[12.60919886934679,55.79937788496352],[12.601988140410693,55.80011778563941],[12.594737964661048,55.80072425283707],[12.587456178681856,55.80119663088841],[12.580150654212469,55.8015344090714],[12.572829289396811,55.80173722217819],[12.5655,55.80180485092142],[12.558170710603187,55.80173722217819],[12.550849345787531,55.8015344090714],[12.543543821318144,55.80119663088841],[12.53626203533895,55.80072425283707],[12.529011859589307,55.80011778563941],[12.52180113065321,55.79937788496352],[12.514637641251934,55.79850535069432],[12.507529131590713,55.79750112604413],[12.500483280770203,55.796366296504125],[12.493507698273113,55.795102088637925],[12.486609915536519,55.79370986871888],[12.47979737761999,55.79219114121272],[12.455216880343878,55.82540619581562]]]}},{"type":"Feature","properties":{"code":"48","ring":4,"sector":8},"geometry":{"type":"Polygon","coordinates":[[[12.358957139817932,55.72390851732329],[12.361847208766521,55.72769346032071],[12.364956219583261,55.73142304914652],[12.368280891665517,55.73509327364676],[12.371817709569592,55.73870018637298],[12.375562926579894,55.74223990688313],[12.379512568543285,55.74570862597413],[12.383662437965285,55.74910260984138],[12.38800811836445,55.752418204160136],[12.392544978880972,55.75565183808449],[12.397268179135,55.75880002815873],[12.402172674330076,55.761859382137],[12.40725322059649,55.76482660270649],[12.412504380569189,55.76769849110996],[12.417920529194422,55.77047195066312],[12.423495859759008,55.7731439901629],[12.42922439013576,55.77571172718247],[12.43509996923833,55.77817239124905],[12.441116283678303,55.7805233269008],[12.447266864617177,55.78276199661893],[12.453545094805495,55.78488598363191],[12.459944215801139,55.78689299458781],[12.46645733535846,55.78878086209207],[12.473077434979716,55.7905475471074],[12.47979737761999,55.79219114121272],[12.501270945499124,55.76312395287556],[12.496234012477597,55.76189216941817],[12.491271742184257,55.760568121519604],[12.486389475360939,55.75915323632508],[12.481592464845177,55.757649038729056],[12.476885869838982,55.75605714969983],[12.472274750288069,55.75437928449971],[12.467764061377949,55.75261725080238],[12.463358648153184,55.75077294670976],[12.459063240265866,55.748848358671005],[12.454882446859196,55.74684555930552],[12.450820751591884,55.74476670513317],[12.446882507808828,55.74261403421378],[12.443071933863415,55.740389863699086],[12.439393108596432,55.73809658729969],[12.435849966976507,55.73573667267016],[12.432446295906646,55.73331265871521],[12.429185730201302,55.73082715282],[12.42607174873811,55.72828282800794],[12.42310767078819,55.725682420028996],[12.420296652528721,55.723028724382075],[12.417641683741227,55.720324593274775],[12.415145584698719,55.71757293252383],[12.41281100324467,55.71477669840005],[12.41064041206648,55.71193889442105],[12.358957139817932,55.72390851732329]]]}},{"type":"Feature","properties":{"code":"47","ring":4,"sector":7},"geometry":{"type":"Polygon","coordinates":[[[12.35946528457291,55.627545608506175],[12.356762877448256,55.63137277402477],[12.354283227019048,55.63524775509896],[12.352029046304319,55.63916641588765],[12.350002809931253,55.6431245726841],[12.34820675122808,55.64711799834206],[12.3466428595632,55.65114242675305],[12.345312877934475,55.65519355737061],[12.344218300812459,55.65926705977656],[12.343360372241142,55.6633585782847],[12.342740084199388,55.667463736577204],[12.34235817522627,55.671578142368716],[12.342215129312947,55.67569739209341],[12.342311175063719,55.679817075609996],[12.342646285128511,55.68393278091973],[12.343220175908721,55.68804009889234],[12.34403230753819,55.69213462799482],[12.34508188414067,55.69621197901814],[12.346367854364916,55.70026777979652],[12.34788891219816,55.70429767991435],[12.34964349805851,55.70829735539555],[12.351629800166375,55.71226251337011],[12.353845756194763,55.71618889671292],[12.356289055198001,55.720072288649426],[12.358957139817932,55.72390851732329],[12.41064041206648,55.71193889442105],[12.40863610616591,55.70906256809559],[12.406800200528629,55.70615080762293],[12.405134627994828,55.70320673855122],[12.403641137332604,55.70023352039834],[12.402321291515515,55.69723434323914],[12.401176466205523,55.694212424262815],[12.400207848442275,55.69117100430411],[12.399416435539365,55.68811334435236],[12.39880303418812,55.68504272204203],[12.398368259769033,55.681962428128564],[12.398112535870904,55.67887576295368],[12.398036094017383,55.67578603290337],[12.39813897360045,55.67269654686307],[12.398421022020138,55.669610612673424],[12.398881895029545,55.66653153359029],[12.399521057284012,55.663462604753434],[12.400337783093084,55.6604071096668],[12.401331157373713,55.65736831669481],[12.402500076802923,55.65434947557792],[12.403843251167963,55.651353813971355],[12.405359204911798,55.648384534010546],[12.407046278871581,55.6454448089068],[12.408902632207598,55.64253777957689],[12.410926244519942,55.639666551309894],[12.35946528457291,55.627545608506175]]]}},{"type":"Feature","properties":{"code":"46","ring":4,"sector":6},"geometry":{"type":"Polygon","coordinates":[[[12.480305531553881,55.559549515466045],[12.473617735444826,55.56118343271247],[12.467027468646878,55.56293986882356],[12.460541740457726,55.564816959267],[12.454167452083546,55.56681271115586],[12.447911389436292,55.568925005309886],[12.441780216037554,55.57115159844898],[12.43578046603579,55.573490125516365],[12.429918537343838,55.57593810212972],[12.424200684903353,55.57849292715756],[12.418633014083031,55.581151885418876],[12.413221474217147,55.583912150503146],[12.407971852291023,55.58677078770835],[12.402889766779946,55.589724757093926],[12.39798066164793,55.59277091664615],[12.393249800512699,55.5959060255525],[12.388702260983072,55.59912674758224],[12.384342929174982,55.60242965456974],[12.380176494412067,55.60581122999741],[12.376207444116892,55.60926787267445],[12.372440058898475,55.61279590050822],[12.368878407841898,55.61639155436432],[12.36552634400553,55.62005100201164],[12.362387500131247,55.62377034214855],[12.35946528457291,55.627545608506175],[12.410926244519942,55.639666551309894],[12.413114918150088,55.636834190474865],[12.415466280664278,55.63404372127264],[12.417977787515559,55.63129812253497],[12.420646724881074,55.62860032457463],[12.423470212671145,55.62595320608925],[12.426445207706443,55.623359591122366],[12.429568507059548,55.62082224608452],[12.43283675155687,55.61834387683749],[12.436246429436988,55.61592712584473],[12.439793880161178,55.61357456939045],[12.443475298371878,55.61128871487069],[12.44728673799469,55.60907199815847],[12.451224116479429,55.60692678104611],[12.455283219175621,55.60485534876694],[12.45945970383776,55.60285990759904],[12.463749105255541,55.60094258255318],[12.468146840004195,55.59910541514735],[12.472648211310025,55.597350361270024],[12.477248414026043,55.59567928913421],[12.481942539712696,55.59409397732428],[12.486725581818458,55.59259611293753],[12.491592440955117,55.591187289822074],[12.496537930262429,55.58986900691319],[12.501556780856847,55.588642666669095],[12.480305531553881,55.559549515466045]]]}},{"type":"Feature","properties":{"code":"45","ring":4,"sector":5},"geometry":{"type":"Polygon","coordinates":[[[12.650694468446117,55.559549515466045],[12.643916253112842,55.55803985133426],[12.637054822036458,55.55665604249287],[12.630117464611645,55.555399557388704],[12.623111548587374,55.55427172922373],[12.616044512436027,55.55327375457934],[12.608923857658032,55.55240669218207],[12.601757141029124,55.551671461811765],[12.594551966797324,55.55106884335345],[12.587315978836822,55.55059947599357],[12.580056852765916,55.55026385756126],[12.572782288036171,55.55006234401553],[12.5655,55.54999514907856],[12.55821771196383,55.55006234401553],[12.550943147234085,55.55026385756126],[12.543684021163179,55.55059947599357],[12.536448033202676,55.55106884335345],[12.529242858970875,55.551671461811765],[12.522076142341966,55.55240669218207],[12.514955487563974,55.55327375457934],[12.507888451412624,55.55427172922373],[12.500882535388355,55.555399557388704],[12.493945177963543,55.55665604249287],[12.487083746887157,55.55803985133426],[12.480305531553881,55.559549515466045],[12.501556780856847,55.588642666669095],[12.506643647358908,55.58750957360833],[12.51179311349386,55.586470932949524],[12.516999697760053,55.58552784935542],[12.52225785915958,55.584681325781915],[12.527562002985627,55.58393226243337],[12.53290648666093,55.58328145582535],[12.538285625621755,55.58272959795537],[12.543693699241736,55.58227727558268],[12.54912495678997,55.581924969617745],[12.554573623417607,55.58167305462178],[12.560033906167334,55.5815217984172],[12.5655,55.581471361808916],[12.570966093832666,55.5815217984172],[12.576426376582393,55.58167305462178],[12.58187504321003,55.581924969617745],[12.587306300758263,55.58227727558268],[12.592714374378245,55.58272959795537],[12.598093513339068,55.58328145582535],[12.603437997014371,55.58393226243337],[12.608742140840418,55.584681325781915],[12.614000302239948,55.58552784935542],[12.619206886506138,55.586470932949524],[12.62435635264109,55.58750957360833],[12.629443219143152,55.588642666669095],[12.650694468446117,55.559549515466045]]]}},{"type":"Feature","properties":{"code":"44","ring":4,"sector":4},"geometry":{"type":"Polygon","coordinates":[[[12.771534715427089,55.627545608506175],[12.768612499868752,55.62377034214855],[12.765473655994468,55.62005100201164],[12.762121592158104,55.61639155436432],[12.758559941101526,55.61279590050822],[12.754792555883109,55.60926787267445],[12.750823505587931,55.60581122999741],[12.746657070825018,55.60242965456974],[12.742297739016927,55.59912674758224],[12.7377501994873,55.5959060255525],[12.73301933835207,55.59277091664615],[12.728110233220054,55.589724757093926],[12.723028147708975,55.58677078770835],[12.717778525782851,55.583912150503146],[12.712366985916969,55.581151885418876],[12.706799315096648,55.57849292715756],[12.701081462656163,55.57593810212972],[12.695219533964208,55.573490125516365],[12.689219783962445,55.57115159844898],[12.683088610563708,55.568925005309886],[12.676832547916455,55.56681271115586],[12.670458259542274,55.564816959267],[12.663972531353123,55.56293986882356],[12.657382264555174,55.56118343271247],[12.650694468446117,55.559549515466045],[12.629443219143152,55.588642666669095],[12.63446206973757,55.58986900691319],[12.639407559044884,55.591187289822074],[12.64427441818154,55.59259611293753],[12.649057460287304,55.59409397732428],[12.653751585973955,55.59567928913421],[12.658351788689973,55.597350361270024],[12.662853159995803,55.59910541514735],[12.667250894744457,55.60094258255318],[12.671540296162238,55.60285990759904],[12.675716780824379,55.60485534876694],[12.679775883520572,55.60692678104611],[12.68371326200531,55.60907199815847],[12.68752470162812,55.61128871487069],[12.69120611983882,55.61357456939045],[12.69475357056301,55.61592712584473],[12.69816324844313,55.61834387683749],[12.70143149294045,55.62082224608452],[12.704554792293557,55.623359591122366],[12.707529787328854,55.62595320608925],[12.710353275118925,55.62860032457463],[12.713022212484441,55.63129812253497],[12.71553371933572,55.63404372127264],[12.717885081849913,55.636834190474865],[12.720073755480058,55.639666551309894],[12.771534715427089,55.627545608506175]]]}},{"type":"Feature","properties":{"code":"43","ring":4,"sector":3},"geometry":{"type":"Polygon","coordinates":[[[12.772042860182069,55.72390851732329],[12.774710944801999,55.720072288649426],[12.777154243805235,55.71618889671292],[12.779370199833625,55.71226251337011],[12.781356501941488,55.70829735539555],[12.783111087801839,55.70429767991435],[12.784632145635083,55.70026777979652],[12.785918115859328,55.69621197901814],[12.786967692461808,55.69213462799482],[12.78777982409128,55.68804009889234],[12.788353714871487,55.68393278091973],[12.78868882493628,55.679817075609996],[12.788784870687053,55.67569739209341],[12.788641824773729,55.671578142368716],[12.78825991580061,55.667463736577204],[12.787639627758859,55.6633585782847],[12.786781699187541,55.65926705977656],[12.785687122065525,55.65519355737061],[12.784357140436798,55.65114242675305],[12.782793248771918,55.64711799834206],[12.780997190068748,55.6431245726841],[12.778970953695682,55.63916641588765],[12.776716772980953,55.63524775509896],[12.774237122551742,55.63137277402477],[12.771534715427089,55.627545608506175],[12.720073755480058,55.639666551309894],[12.722097367792403,55.64253777957689],[12.723953721128419,55.6454448089068],[12.7256407950882,55.648384534010546],[12.727156748832037,55.651353813971355],[12.728499923197075,55.65434947557792],[12.729668842626287,55.65736831669481],[12.730662216906916,55.6604071096668],[12.731478942715986,55.663462604753434],[12.732118104970453,55.66653153359029],[12.732578977979863,55.669610612673424],[12.732861026399549,55.67269654686307],[12.732963905982617,55.67578603290337],[12.732887464129094,55.67887576295368],[12.732631740230966,55.681962428128564],[12.732196965811879,55.68504272204203],[12.731583564460633,55.68811334435236],[12.730792151557724,55.69117100430411],[12.729823533794475,55.694212424262815],[12.728678708484486,55.69723434323914],[12.727358862667396,55.70023352039834],[12.725865372005172,55.70320673855122],[12.72419979947137,55.70615080762293],[12.722363893834089,55.70906256809559],[12.72035958793352,55.71193889442105],[12.772042860182069,55.72390851732329]]]}},{"type":"Feature","properties":{"code":"42","ring":4,"sector":2},"geometry":{"type":"Polygon","coordinates":[[[12.651202622380008,55.79219114121272],[12.657922565020282,55.7905475471074],[12.664542664641539,55.78878086209207],[12.67105578419886,55.78689299458781],[12.677454905194503,55.78488598363191],[12.683733135382823,55.78276199661893],[12.689883716321697,55.7805233269008],[12.695900030761669,55.77817239124905],[12.701775609864239,55.77571172718247],[12.707504140240992,55.7731439901629],[12.713079470805578,55.77047195066312],[12.71849561943081,55.76769849110996],[12.72374677940351,55.76482660270649],[12.728827325669924,55.761859382137],[12.733731820865,55.75880002815873],[12.738455021119028,55.75565183808449],[12.742991881635549,55.752418204160136],[12.747337562034716,55.74910260984138],[12.751487431456713,55.74570862597413],[12.755437073420104,55.74223990688313],[12.759182290430408,55.73870018637298],[12.762719108334482,55.73509327364676],[12.766043780416737,55.73142304914652],[12.769152791233479,55.72769346032071],[12.772042860182069,55.72390851732329],[12.72035958793352,55.71193889442105],[12.71818899675533,55.71477669840005],[12.71585441530128,55.71757293252383],[12.713358316258772,55.720324593274775],[12.710703347471279,55.723028724382075],[12.707892329211811,55.725682420028996],[12.704928251261888,55.72828282800794],[12.701814269798696,55.73082715282],[12.698553704093355,55.73331265871521],[12.695150033023493,55.73573667267016],[12.691606891403566,55.73809658729969],[12.687928066136585,55.740389863699086],[12.684117492191172,55.74261403421378],[12.680179248408116,55.74476670513317],[12.676117553140802,55.74684555930552],[12.671936759734132,55.748848358671005],[12.667641351846816,55.75077294670976],[12.663235938622051,55.75261725080238],[12.65872524971193,55.75437928449971],[12.654114130161016,55.75605714969983],[12.649407535154824,55.757649038729056],[12.64461052463906,55.75915323632508],[12.639728257815742,55.760568121519604],[12.634765987522401,55.76189216941817],[12.629729054500874,55.76312395287556],[12.651202622380008,55.79219114121272]]]}},{"type":"Feature","properties":{"code":"41","ring":4,"sector":1},"geometry":{"type":"Polygon","coordinates":[[[12.47979737761999,55.79219114121272],[12.486609915536519,55.79370986871888],[12.493507698273113,55.795102088637925],[12.500483280770203,55.796366296504125],[12.507529131590713,55.79750112604413],[12.514637641251934,55.79850535069432],[12.52180113065321,55.79937788496352],[12.529011859589307,55.80011778563941],[12.53626203533895,55.80072425283707],[12.543543821318144,55.80119663088841],[12.550849345787531,55.8015344090714],[12.558170710603187,55.80173722217819],[12.5655,55.80180485092142],[12.572829289396811,55.80173722217819],[12.580150654212469,55.8015344090714],[12.587456178681856,55.80119663088841],[12.594737964661048,55.80072425283707],[12.601988140410693,55.80011778563941],[12.60919886934679,55.79937788496352],[12.616362358748066,55.79850535069432],[12.623470868409287,55.79750112604413],[12.630516719229798,55.796366296504125],[12.637492301726885,55.795102088637925],[12.644390084463481,55.79370986871888],[12.651202622380008,55.79219114121272],[12.629729054500874,55.76312395287556],[12.624622881562193,55.76426214406412],[12.619452967654391,55.76530551593381],[12.614224881840103,55.76625294356165],[12.608944257190943,55.76710340538955],[12.603616784605885,55.76785598434849],[12.598248206560879,55.768509868868186],[12.592844310797057,55.76906435377069],[12.58741092395504,55.76951884104709],[12.581953905162868,55.76987284051622],[12.576479139585174,55.770125970364845],[12.570992531941295,55.77027795756821],[12.5655,55.770328638191074],[12.560007468058705,55.77027795756821],[12.554520860414824,55.770125970364845],[12.549046094837133,55.76987284051622],[12.543589076044958,55.76951884104709],[12.538155689202942,55.76906435377069],[12.532751793439122,55.768509868868186],[12.527383215394114,55.76785598434849],[12.522055742809055,55.76710340538955],[12.516775118159897,55.76625294356165],[12.511547032345607,55.76530551593381],[12.506377118437808,55.76426214406412],[12.501270945499124,55.76312395287556],[12.47979737761999,55.79219114121272]]]}},{"type":"Feature","properties":{"code":"38","ring":3,"sector":8},"geometry":{"type":"Polygon","coordinates":[[[12.41064041206648,55.71193889442105],[12.41281100324467,55.71477669840005],[12.415145584698719,55.71757293252383],[12.417641683741227,55.720324593274775],[12.420296652528721,55.723028724382075],[12.42310767078819,55.725682420028996],[12.42607174873811,55.72828282800794],[12.429185730201302,55.73082715282],[12.432446295906646,55.73331265871521],[12.435849966976507,55.73573667267016],[12.439393108596432,55.73809658729969],[12.443071933863415,55.740389863699086],[12.446882507808828,55.74261403421378],[12.450820751591884,55.74476670513317],[12.454882446859196,55.74684555930552],[12.459063240265866,55.748848358671005],[12.463358648153184,55.75077294670976],[12.467764061377949,55.75261725080238],[12.472274750288069,55.75437928449971],[12.476885869838982,55.75605714969983],[12.481592464845177,55.757649038729056],[12.486389475360939,55.75915323632508],[12.491271742184257,55.760568121519604],[12.496234012477597,55.76189216941817],[12.501270945499124,55.76312395287556],[12.52271251964841,55.73405302680997],[12.519356578326928,55.733232444979265],[12.516050266304127,55.73235038932747],[12.512797136059055,55.73140780851514],[12.509600682133623,55.73040571622707],[12.506464337343377,55.729345190068145],[12.503391469058807,55.7282273703898],[12.500385375561429,55.72705345904869],[12.497449282478675,55.72582471809865],[12.49458633930155,55.72454246841787],[12.491799615988906,55.723208088272415],[12.489092099662088,55.72182301181793],[12.486466691393519,55.72038872754139],[12.483926203092768,55.7189067766442],[12.481473354493431,55.71737875136903],[12.479110770244068,55.715806293271896],[12.476840977106285,55.714191091441464],[12.474666401262938,55.71253488066779],[12.472589365739266,55.71083943956244],[12.47061208793962,55.70910658863198],[12.468736677302331,55.70733818830716],[12.466965133075108,55.70553613692992],[12.465299342213157,55.70370236870055],[12.463741077402146,55.7018388515871],[12.46229199520792,55.69994758519955],[12.41064041206648,55.71193889442105]]]}},{"type":"Feature","properties":{"code":"37","ring":3,"sector":7},"geometry":{"type":"Polygon","coordinates":[[[12.410926244519942,55.639666551309894],[12.408902632207598,55.64253777957689],[12.407046278871581,55.6454448089068],[12.405359204911798,55.648384534010546],[12.403843251167963,55.651353813971355],[12.402500076802923,55.65434947557792],[12.401331157373713,55.65736831669481],[12.400337783093084,55.6604071096668],[12.399521057284012,55.663462604753434],[12.398881895029545,55.66653153359029],[12.398421022020138,55.669610612673424],[12.39813897360045,55.67269654686307],[12.398036094017383,55.67578603290337],[12.398112535870904,55.67887576295368],[12.398368259769033,55.681962428128564],[12.39880303418812,55.68504272204203],[12.399416435539365,55.68811334435236],[12.400207848442275,55.69117100430411],[12.401176466205523,55.694212424262815],[12.402321291515515,55.69723434323914],[12.403641137332604,55.70023352039834],[12.405134627994828,55.70320673855122],[12.406800200528629,55.70615080762293],[12.40863610616591,55.70906256809559],[12.41064041206648,55.71193889442105],[12.46229199520792,55.69994758519955],[12.460953634354722,55.698030598631],[12.459727414133573,55.696089948268344],[12.45861463294225,55.694127715574666],[12.457616466958154,55.69214600484605],[12.456733968945233,55.690146940945105],[12.45596806719594,55.68813266701364],[12.455319564609075,55.68610534216716],[12.454789137904152,55.6840671391736],[12.45437733697286,55.68202024211882],[12.454084584367935,55.679966844061305],[12.453911174929704,55.677909144678885],[12.453857275550307,55.67584934790969],[12.453922925075569,55.67378965959006],[12.454108034344216,55.67173228509194],[12.45441238636411,55.66967942696228],[12.45483563662491,55.66763328256687],[12.455377313546514,55.66559604174125],[12.456036819062488,55.66356988445118],[12.456813429337442,55.66155697846495],[12.457706295617346,55.65955947704043],[12.458714445211502,55.657579516628736],[12.45983678260482,55.65561921459742],[12.461072090698938,55.65368066697524],[12.462419032180502,55.65176594622114],[12.410926244519942,55.639666551309894]]]}},{"type":"Feature","properties":{"code":"36","ring":3,"sector":6},"geometry":{"type":"Polygon","coordinates":[[[12.501556780856847,55.588642666669095],[12.496537930262429,55.58986900691319],[12.491592440955117,55.591187289822074],[12.486725581818458,55.59259611293753],[12.481942539712696,55.59409397732428],[12.477248414026043,55.59567928913421],[12.472648211310025,55.597350361270024],[12.468146840004195,55.59910541514735],[12.463749105255541,55.60094258255318],[12.45945970383776,55.60285990759904],[12.455283219175621,55.60485534876694],[12.451224116479429,55.60692678104611],[12.44728673799469,55.60907199815847],[12.443475298371878,55.61128871487069],[12.439793880161178,55.61357456939045],[12.436246429436988,55.61592712584473],[12.43283675155687,55.61834387683749],[12.429568507059548,55.62082224608452],[12.426445207706443,55.623359591122366],[12.423470212671145,55.62595320608925],[12.420646724881074,55.62860032457463],[12.417977787515559,55.63129812253497],[12.415466280664278,55.63404372127264],[12.413114918150088,55.636834190474865],[12.410926244519942,55.639666551309894],[12.462419032180502,55.65176594622114],[12.463876151014954,55.649877099019506],[12.46544187406389,55.64801614410422],[12.467114512824056,55.64618507011361],[12.468892265285874,55.644385833478694],[12.47077321790931,55.64262035634663],[12.47275534771476,55.64089052454191],[12.474836524486532,55.63919818556699],[12.477014513086461,55.6375451466447],[12.479286975874956,55.63593317280426],[12.48165147523688,55.63436398501305],[12.484105476209356,55.632839258355816],[12.48664634920872,55.631360620263386],[12.489271372853556,55.6299296487925],[12.491977736880832,55.62854787095863],[12.494762545151977,55.627216761123506],[12.497622818745693,55.625937739438804],[12.50055549913426,55.62471217034775],[12.503557451439953,55.6235413611461],[12.506625467768202,55.622426560603834],[12.509756270613986,55.62136895764909],[12.512946516338012,55.62036968011564],[12.516192798708996,55.61942979355505],[12.51949165250851,55.61855030011488],[12.522839557194672,55.61773213748379],[12.501556780856847,55.588642666669095]]]}},{"type":"Feature","properties":{"code":"35","ring":3,"sector":5},"geometry":{"type":"Polygon","coordinates":[[[12.629443219143152,55.588642666669095],[12.62435635264109,55.58750957360833],[12.619206886506138,55.586470932949524],[12.614000302239948,55.58552784935542],[12.608742140840418,55.584681325781915],[12.603437997014371,55.58393226243337],[12.598093513339068,55.58328145582535],[12.592714374378245,55.58272959795537],[12.587306300758263,55.58227727558268],[12.58187504321003,55.581924969617745],[12.576426376582393,55.58167305462178],[12.570966093832666,55.5815217984172],[12.5655,55.581471361808916],[12.560033906167334,55.5815217984172],[12.554573623417607,55.58167305462178],[12.54912495678997,55.581924969617745],[12.543693699241736,55.58227727558268],[12.538285625621755,55.58272959795537],[12.53290648666093,55.58328145582535],[12.527562002985627,55.58393226243337],[12.52225785915958,55.584681325781915],[12.516999697760053,55.58552784935542],[12.51179311349386,55.586470932949524],[12.506643647358908,55.58750957360833],[12.501556780856847,55.588642666669095],[12.522839557194672,55.61773213748379],[12.526232940620966,55.616976177904995],[12.529668182806404,55.61628322725862],[12.53314161975329,55.61565402421416],[12.536649547308661,55.61508923945385],[12.54018822506562,55.6145894749675],[12.54375388030057,55.614155263419875],[12.547342711942516,55.61378706759085],[12.550950894570393,55.61348527988915],[12.554574582434535,55.6132502219401],[12.55820991349821,55.61308214424777],[12.561853013495293,55.61298122593179],[12.5655,55.612947574539284],[12.569146986504707,55.61298122593179],[12.572790086501788,55.61308214424777],[12.576425417565465,55.6132502219401],[12.580049105429607,55.61348527988915],[12.583657288057482,55.61378706759085],[12.587246119699428,55.614155263419875],[12.590811774934378,55.6145894749675],[12.594350452691337,55.61508923945385],[12.597858380246711,55.61565402421416],[12.601331817193596,55.61628322725862],[12.604767059379034,55.616976177904995],[12.608160442805326,55.61773213748379],[12.629443219143152,55.588642666669095]]]}},{"type":"Feature","properties":{"code":"34","ring":3,"sector":4},"geometry":{"type":"Polygon","coordinates":[[[12.720073755480058,55.639666551309894],[12.717885081849913,55.636834190474865],[12.71553371933572,55.63404372127264],[12.713022212484441,55.63129812253497],[12.710353275118925,55.62860032457463],[12.707529787328854,55.62595320608925],[12.704554792293557,55.623359591122366],[12.70143149294045,55.62082224608452],[12.69816324844313,55.61834387683749],[12.69475357056301,55.61592712584473],[12.69120611983882,55.61357456939045],[12.68752470162812,55.61128871487069],[12.68371326200531,55.60907199815847],[12.679775883520572,55.60692678104611],[12.675716780824379,55.60485534876694],[12.671540296162238,55.60285990759904],[12.667250894744457,55.60094258255318],[12.662853159995803,55.59910541514735],[12.658351788689973,55.597350361270024],[12.653751585973955,55.59567928913421],[12.649057460287304,55.59409397732428],[12.64427441818154,55.59259611293753],[12.639407559044884,55.591187289822074],[12.63446206973757,55.58986900691319],[12.629443219143152,55.588642666669095],[12.608160442805326,55.61773213748379],[12.611508347491489,55.61855030011488],[12.614807201291002,55.61942979355505],[12.618053483661987,55.62036968011564],[12.621243729386013,55.62136895764909],[12.624374532231798,55.622426560603834],[12.627442548560046,55.6235413611461],[12.630444500865739,55.62471217034775],[12.633377181254307,55.625937739438804],[12.636237454848022,55.627216761123506],[12.639022263119166,55.62854787095863],[12.641728627146444,55.6299296487925],[12.64435365079128,55.631360620263386],[12.646894523790642,55.632839258355816],[12.64934852476312,55.63436398501305],[12.651713024125042,55.63593317280426],[12.653985486913538,55.6375451466447],[12.656163475513466,55.63919818556699],[12.658244652285239,55.64089052454191],[12.660226782090689,55.64262035634663],[12.662107734714127,55.644385833478694],[12.663885487175945,55.64618507011361],[12.66555812593611,55.64801614410422],[12.667123848985046,55.649877099019506],[12.668580967819498,55.65176594622114],[12.720073755480058,55.639666551309894]]]}},{"type":"Feature","properties":{"code":"33","ring":3,"sector":3},"geometry":{"type":"Polygon","coordinates":[[[12.72035958793352,55.71193889442105],[12.722363893834089,55.70906256809559],[12.72419979947137,55.70615080762293],[12.725865372005172,55.70320673855122],[12.727358862667396,55.70023352039834],[12.728678708484486,55.69723434323914],[12.729823533794475,55.694212424262815],[12.730792151557724,55.69117100430411],[12.731583564460633,55.68811334435236],[12.732196965811879,55.68504272204203],[12.732631740230966,55.681962428128564],[12.732887464129094,55.67887576295368],[12.732963905982617,55.67578603290337],[12.732861026399549,55.67269654686307],[12.732578977979863,55.669610612673424],[12.732118104970453,55.66653153359029],[12.731478942715986,55.663462604753434],[12.730662216906916,55.6604071096668],[12.729668842626287,55.65736831669481],[12.728499923197075,55.65434947557792],[12.727156748832037,55.651353813971355],[12.7256407950882,55.648384534010546],[12.723953721128419,55.6454448089068],[12.722097367792403,55.64253777957689],[12.720073755480058,55.639666551309894],[12.668580967819498,55.65176594622114],[12.669927909301062,55.65368066697524],[12.671163217395181,55.65561921459742],[12.672285554788498,55.657579516628736],[12.673293704382655,55.65955947704043],[12.674186570662556,55.66155697846495],[12.67496318093751,55.66356988445118],[12.675622686453487,55.66559604174125],[12.67616436337509,55.66763328256687],[12.67658761363589,55.66967942696228],[12.676891965655782,55.67173228509194],[12.67707707492443,55.67378965959006],[12.677142724449693,55.67584934790969],[12.677088825070296,55.677909144678885],[12.676915415632063,55.679966844061305],[12.676622663027139,55.68202024211882],[12.676210862095848,55.6840671391736],[12.675680435390923,55.68610534216716],[12.675031932804059,55.68813266701364],[12.674266031054765,55.690146940945105],[12.673383533041845,55.69214600484605],[12.672385367057748,55.694127715574666],[12.671272585866427,55.696089948268344],[12.670046365645279,55.698030598631],[12.66870800479208,55.69994758519955],[12.72035958793352,55.71193889442105]]]}},{"type":"Feature","properties":{"code":"32","ring":3,"sector":2},"geometry":{"type":"Polygon","coordinates":[[[12.629729054500874,55.76312395287556],[12.634765987522401,55.76189216941817],[12.639728257815742,55.760568121519604],[12.64461052463906,55.75915323632508],[12.649407535154824,55.757649038729056],[12.654114130161016,55.75605714969983],[12.65872524971193,55.75437928449971],[12.663235938622051,55.75261725080238],[12.667641351846816,55.75077294670976],[12.671936759734132,55.748848358671005],[12.676117553140802,55.74684555930552],[12.680179248408116,55.74476670513317],[12.684117492191172,55.74261403421378],[12.687928066136585,55.740389863699086],[12.691606891403566,55.73809658729969],[12.695150033023493,55.73573667267016],[12.698553704093355,55.73331265871521],[12.701814269798696,55.73082715282],[12.704928251261888,55.72828282800794],[12.707892329211811,55.725682420028996],[12.710703347471279,55.723028724382075],[12.713358316258772,55.720324593274775],[12.71585441530128,55.71757293252383],[12.71818899675533,55.71477669840005],[12.72035958793352,55.71193889442105],[12.66870800479208,55.69994758519955],[12.667258922597853,55.7018388515871],[12.665700657786841,55.70370236870055],[12.664034866924892,55.70553613692992],[12.662263322697667,55.70733818830716],[12.660387912060381,55.70910658863198],[12.658410634260735,55.71083943956244],[12.65633359873706,55.71253488066779],[12.654159022893715,55.714191091441464],[12.65188922975593,55.715806293271896],[12.649526645506569,55.71737875136903],[12.64707379690723,55.7189067766442],[12.64453330860648,55.72038872754139],[12.64190790033791,55.72182301181793],[12.639200384011094,55.723208088272415],[12.636413660698448,55.72454246841787],[12.633550717521326,55.72582471809865],[12.630614624438572,55.72705345904869],[12.627608530941194,55.7282273703898],[12.624535662656621,55.729345190068145],[12.621399317866377,55.73040571622707],[12.618202863940946,55.73140780851514],[12.614949733695871,55.73235038932747],[12.61164342167307,55.733232444979265],[12.60828748035159,55.73405302680997],[12.629729054500874,55.76312395287556]]]}},{"type":"Feature","properties":{"code":"31","ring":3,"sector":1},"geometry":{"type":"Polygon","coordinates":[[[12.501270945499124,55.76312395287556],[12.506377118437808,55.76426214406412],[12.511547032345607,55.76530551593381],[12.516775118159897,55.76625294356165],[12.522055742809055,55.76710340538955],[12.527383215394114,55.76785598434849],[12.532751793439122,55.768509868868186],[12.538155689202942,55.76906435377069],[12.543589076044958,55.76951884104709],[12.549046094837133,55.76987284051622],[12.554520860414824,55.770125970364845],[12.560007468058705,55.77027795756821],[12.5655,55.770328638191074],[12.570992531941295,55.77027795756821],[12.576479139585174,55.770125970364845],[12.581953905162868,55.76987284051622],[12.58741092395504,55.76951884104709],[12.592844310797057,55.76906435377069],[12.598248206560879,55.768509868868186],[12.603616784605885,55.76785598434849],[12.608944257190943,55.76710340538955],[12.614224881840103,55.76625294356165],[12.619452967654391,55.76530551593381],[12.624622881562193,55.76426214406412],[12.629729054500874,55.76312395287556],[12.60828748035159,55.73405302680997],[12.604885516292025,55.7348112522169],[12.601441186218977,55.73550630561722],[12.597958193045974,55.73613743933703],[12.59444028184735,55.73670397442656],[12.590891235781719,55.73720530140077],[12.587314871971628,55.73764088090395],[12.583715037344158,55.73801024429843],[12.580095604437204,55.73831299417569],[12.576460467176254,55.738548804790184],[12.57281353662655,55.73871742241478],[12.569158736725454,55.73881866561773],[12.5655,55.738852425460706],[12.561841263274546,55.73881866561773],[12.558186463373449,55.73871742241478],[12.554539532823744,55.738548804790184],[12.550904395562796,55.73831299417569],[12.54728496265584,55.73801024429843],[12.543685128028372,55.73764088090395],[12.54010876421828,55.73720530140077],[12.53655971815265,55.73670397442656],[12.533041806954024,55.73613743933703],[12.529558813781023,55.73550630561722],[12.526114483707975,55.7348112522169],[12.52271251964841,55.73405302680997],[12.501270945499124,55.76312395287556]]]}},{"type":"Feature","properties":{"code":"28","ring":2,"sector":8},"geometry":{"type":"Polygon","coordinates":[[[12.46229199520792,55.69994758519955],[12.463741077402146,55.7018388515871],[12.465299342213157,55.70370236870055],[12.466965133075108,55.70553613692992],[12.468736677302331,55.70733818830716],[12.47061208793962,55.70910658863198],[12.472589365739266,55.71083943956244],[12.474666401262938,55.71253488066779],[12.476840977106285,55.714191091441464],[12.479110770244068,55.715806293271896],[12.481473354493431,55.71737875136903],[12.483926203092768,55.7189067766442],[12.486466691393519,55.72038872754139],[12.489092099662088,55.72182301181793],[12.491799615988906,55.723208088272415],[12.49458633930155,55.72454246841787],[12.497449282478675,55.72582471809865],[12.500385375561429,55.72705345904869],[12.503391469058807,55.7282273703898],[12.506464337343377,55.729345190068145],[12.509600682133623,55.73040571622707],[12.512797136059055,55.73140780851514],[12.516050266304127,55.73235038932747],[12.519356578326928,55.733232444979265],[12.52271251964841,55.73405302680997],[12.541065606791086,55.70913212255953],[12.539148911612436,55.70866351560462],[12.537260504822989,55.70815979828008],[12.53540241249046,55.70762151132598],[12.533576627899466,55.70704923256972],[12.531785109401648,55.70644357630121],[12.530029778304684,55.70580519260862],[12.528312516802469,55.70513476667584],[12.526635165948743,55.704433018041726],[12.524999523676396,55.703700699822804],[12.52340734286458,55.70293859789952],[12.52186032945575,55.7021475300675],[12.520360140624714,55.70132834515441],[12.518908383001557,55.70048192210362],[12.517506610950507,55.69960916902549],[12.516156324906433,55.698711022217566],[12.514858969770891,55.69778844515444],[12.513615933369305,55.696842427448736],[12.51242854497099,55.695873983784175],[12.51129807387357,55.6948841528218],[12.51022572805322,55.69387399608089],[12.509212652882194,55.692844596795375],[12.50825992991495,55.69179705874738],[12.507368575744067,55.69073250507892],[12.50653954092722,55.689652077083196],[12.46229199520792,55.69994758519955]]]}},{"type":"Feature","properties":{"code":"27","ring":2,"sector":7},"geometry":{"type":"Polygon","coordinates":[[[12.462419032180502,55.65176594622114],[12.461072090698938,55.65368066697524],[12.45983678260482,55.65561921459742],[12.458714445211502,55.657579516628736],[12.457706295617346,55.65955947704043],[12.456813429337442,55.66155697846495],[12.456036819062488,55.66356988445118],[12.455377313546514,55.66559604174125],[12.45483563662491,55.66763328256687],[12.45441238636411,55.66967942696228],[12.454108034344216,55.67173228509194],[12.453922925075569,55.67378965959006],[12.453857275550307,55.67584934790969],[12.453911174929704,55.677909144678885],[12.454084584367935,55.679966844061305],[12.45437733697286,55.68202024211882],[12.454789137904152,55.6840671391736],[12.455319564609075,55.68610534216716],[12.45596806719594,55.68813266701364],[12.456733968945233,55.690146940945105],[12.457616466958154,55.69214600484605],[12.45861463294225,55.694127715574666],[12.459727414133573,55.696089948268344],[12.460953634354722,55.698030598631],[12.46229199520792,55.69994758519955],[12.50653954092722,55.689652077083196],[12.505773708986172,55.68855693297668],[12.505071895478892,55.68744824665354],[12.504434847145648,55.68632720642337],[12.503863241129899,55.6851950137342],[12.50335768427481,55.68405288188153],[12.502918712495934,55.68290203470522],[12.502546790230745,55.681743705275494],[12.502242309965443,55.680579134569506],[12.502005591839449,55.67940957013985],[12.501836883327925,55.678236264776565],[12.501736359002532,55.67706047516395],[12.501704120370569,55.67588346053359],[12.50174019579257,55.674706481315475],[12.501844540478325,55.67353079778787],[12.502017036561222,55.672357668728125],[12.502257493250681,55.6711883500656],[12.50256564706249,55.67002409353788],[12.502941162126572,55.66886614535225],[12.503383630571856,55.6677157448533],[12.503892572987636,55.66657412319853],[12.504467438960896,55.66544250204305],[12.505107607688862,55.66432209223499],[12.50581238866607,55.66321409252281],[12.506581022445113,55.66211968827596],[12.462419032180502,55.65176594622114]]]}},{"type":"Feature","properties":{"code":"26","ring":2,"sector":6},"geometry":{"type":"Polygon","coordinates":[[[12.522839557194672,55.61773213748379],[12.51949165250851,55.61855030011488],[12.516192798708996,55.61942979355505],[12.512946516338012,55.62036968011564],[12.509756270613986,55.62136895764909],[12.506625467768202,55.622426560603834],[12.503557451439953,55.6235413611461],[12.50055549913426,55.62471217034775],[12.497622818745693,55.625937739438804],[12.494762545151977,55.627216761123506],[12.491977736880832,55.62854787095863],[12.489271372853556,55.6299296487925],[12.48664634920872,55.631360620263386],[12.484105476209356,55.632839258355816],[12.48165147523688,55.63436398501305],[12.479286975874956,55.63593317280426],[12.477014513086461,55.6375451466447],[12.474836524486532,55.63919818556699],[12.47275534771476,55.64089052454191],[12.47077321790931,55.64262035634663],[12.468892265285874,55.644385833478694],[12.467114512824056,55.64618507011361],[12.46544187406389,55.64801614410422],[12.463876151014954,55.649877099019506],[12.462419032180502,55.65176594622114],[12.506581022445113,55.66211968827596],[12.50741268147012,55.66104005022041],[12.508306470982056,55.659976333189974],[12.509261429994742,55.65892967489528],[12.51027653234049,55.65790119471111],[12.511350687784141,55.656891992483864],[12.51248274320433,55.6559031473601],[12.513671483840536,55.654935716637596],[12.514915634604606,55.65399073463981],[12.516213861455311,55.653069211615446],[12.517564772834362,55.65217213266354],[12.518966921162376,55.65130045668598],[12.520418804393156,55.650455115368],[12.521918867624557,55.6496370121878],[12.523465504764268,55.64884702145664],[12.525057060248685,55.648085987389855],[12.526691830813043,55.64735472321032],[12.528368067310934,55.64665401028496],[12.530083976581274,55.645984597295175],[12.531837723360745,55.64534719944231],[12.533627432239706,55.64474249768866],[12.53545118965952,55.64417113803507],[12.537307045949177,55.64363373083567],[12.539193017399128,55.6431308501506],[12.541107088370145,55.6426630331373],[12.522839557194672,55.61773213748379]]]}},{"type":"Feature","properties":{"code":"25","ring":2,"sector":5},"geometry":{"type":"Polygon","coordinates":[[[12.608160442805326,55.61773213748379],[12.604767059379034,55.616976177904995],[12.601331817193596,55.61628322725862],[12.597858380246711,55.61565402421416],[12.594350452691337,55.61508923945385],[12.590811774934378,55.6145894749675],[12.587246119699428,55.614155263419875],[12.583657288057482,55.61378706759085],[12.580049105429607,55.61348527988915],[12.576425417565465,55.6132502219401],[12.572790086501788,55.61308214424777],[12.569146986504707,55.61298122593179],[12.5655,55.612947574539284],[12.561853013495293,55.61298122593179],[12.55820991349821,55.61308214424777],[12.554574582434535,55.6132502219401],[12.550950894570393,55.61348527988915],[12.547342711942516,55.61378706759085],[12.54375388030057,55.614155263419875],[12.54018822506562,55.6145894749675],[12.536649547308661,55.61508923945385],[12.53314161975329,55.61565402421416],[12.529668182806404,55.61628322725862],[12.526232940620966,55.616976177904995],[12.522839557194672,55.61773213748379],[12.541107088370145,55.6426630331373],[12.543047213435,55.64223077948106],[12.54501131955078,55.64183455086528],[12.546997308259561,55.64147477048216],[12.54900305791516,55.64115182258427],[12.551026425933696,55.64086605207734],[12.553065251065616,55.64061776415485],[12.555117355686855,55.64040722397472],[12.557180548106771,55.64023465637837],[12.559252624890513,55.640100245652626],[12.561331373193399,55.640004135334486],[12.563414573104916,55.639946428059076],[12.5655,55.63992718545101],[12.567585426895082,55.639946428059076],[12.569668626806601,55.640004135334486],[12.571747375109485,55.640100245652626],[12.573819451893229,55.64023465637837],[12.575882644313145,55.64040722397472],[12.577934748934382,55.64061776415485],[12.579973574066303,55.64086605207734],[12.581996942084839,55.64115182258427],[12.584002691740437,55.64147477048216],[12.58598868044922,55.64183455086528],[12.587952786564998,55.64223077948106],[12.589892911629853,55.6426630331373],[12.608160442805326,55.61773213748379]]]}},{"type":"Feature","properties":{"code":"24","ring":2,"sector":4},"geometry":{"type":"Polygon","coordinates":[[[12.668580967819498,55.65176594622114],[12.667123848985046,55.649877099019506],[12.66555812593611,55.64801614410422],[12.663885487175945,55.64618507011361],[12.662107734714127,55.644385833478694],[12.660226782090689,55.64262035634663],[12.658244652285239,55.64089052454191],[12.656163475513466,55.63919818556699],[12.653985486913538,55.6375451466447],[12.651713024125042,55.63593317280426],[12.64934852476312,55.63436398501305],[12.646894523790642,55.632839258355816],[12.64435365079128,55.631360620263386],[12.641728627146444,55.6299296487925],[12.639022263119166,55.62854787095863],[12.636237454848022,55.627216761123506],[12.633377181254307,55.625937739438804],[12.630444500865739,55.62471217034775],[12.627442548560046,55.6235413611461],[12.624374532231798,55.622426560603834],[12.621243729386013,55.62136895764909],[12.618053483661987,55.62036968011564],[12.614807201291002,55.61942979355505],[12.611508347491489,55.61855030011488],[12.608160442805326,55.61773213748379],[12.589892911629853,55.6426630331373],[12.591806982600872,55.6431308501506],[12.593692954050823,55.64363373083567],[12.595548810340478,55.64417113803507],[12.597372567760292,55.64474249768866],[12.599162276639253,55.64534719944231],[12.600916023418725,55.645984597295175],[12.602631932689066,55.64665401028496],[12.604308169186956,55.64735472321032],[12.605942939751314,55.648085987389855],[12.607534495235733,55.64884702145664],[12.609081132375444,55.6496370121878],[12.610581195606843,55.650455115368],[12.612033078837623,55.65130045668598],[12.613435227165638,55.65217213266354],[12.614786138544689,55.653069211615446],[12.616084365395393,55.65399073463981],[12.617328516159464,55.654935716637596],[12.61851725679567,55.6559031473601],[12.61964931221586,55.656891992483864],[12.620723467659511,55.65790119471111],[12.621738570005256,55.65892967489528],[12.622693529017942,55.659976333189974],[12.623587318529879,55.66104005022041],[12.624418977554887,55.66211968827596],[12.668580967819498,55.65176594622114]]]}},{"type":"Feature","properties":{"code":"23","ring":2,"sector":3},"geometry":{"type":"Polygon","coordinates":[[[12.66870800479208,55.69994758519955],[12.670046365645279,55.698030598631],[12.671272585866427,55.696089948268344],[12.672385367057748,55.694127715574666],[12.673383533041845,55.69214600484605],[12.674266031054765,55.690146940945105],[12.675031932804059,55.68813266701364],[12.675680435390923,55.68610534216716],[12.676210862095848,55.6840671391736],[12.676622663027139,55.68202024211882],[12.676915415632063,55.679966844061305],[12.677088825070296,55.677909144678885],[12.677142724449693,55.67584934790969],[12.67707707492443,55.67378965959006],[12.676891965655782,55.67173228509194],[12.67658761363589,55.66967942696228],[12.67616436337509,55.66763328256687],[12.675622686453487,55.66559604174125],[12.67496318093751,55.66356988445118],[12.674186570662556,55.66155697846495],[12.673293704382655,55.65955947704043],[12.672285554788498,55.657579516628736],[12.671163217395181,55.65561921459742],[12.669927909301062,55.65368066697524],[12.668580967819498,55.65176594622114],[12.624418977554887,55.66211968827596],[12.625187611333928,55.66321409252281],[12.625892392311139,55.66432209223499],[12.626532561039104,55.66544250204305],[12.627107427012362,55.66657412319853],[12.627616369428143,55.6677157448533],[12.628058837873427,55.66886614535225],[12.628434352937509,55.67002409353788],[12.628742506749319,55.6711883500656],[12.628982963438778,55.672357668728125],[12.629155459521673,55.67353079778787],[12.629259804207429,55.674706481315475],[12.629295879629431,55.67588346053359],[12.629263640997467,55.67706047516395],[12.629163116672073,55.678236264776565],[12.62899440816055,55.67940957013985],[12.628757690034556,55.680579134569506],[12.628453209769253,55.681743705275494],[12.628081287504065,55.68290203470522],[12.627642315725188,55.68405288188153],[12.6271367588701,55.6851950137342],[12.626565152854353,55.68632720642337],[12.625928104521106,55.68744824665354],[12.625226291013828,55.68855693297668],[12.624460459072779,55.689652077083196],[12.66870800479208,55.69994758519955]]]}},{"type":"Feature","properties":{"code":"22","ring":2,"sector":2},"geometry":{"type":"Polygon","coordinates":[[[12.60828748035159,55.73405302680997],[12.61164342167307,55.733232444979265],[12.614949733695871,55.73235038932747],[12.618202863940946,55.73140780851514],[12.621399317866377,55.73040571622707],[12.624535662656621,55.729345190068145],[12.627608530941194,55.7282273703898],[12.630614624438572,55.72705345904869],[12.633550717521326,55.72582471809865],[12.636413660698448,55.72454246841787],[12.639200384011094,55.723208088272415],[12.64190790033791,55.72182301181793],[12.64453330860648,55.72038872754139],[12.64707379690723,55.7189067766442],[12.649526645506569,55.71737875136903],[12.65188922975593,55.715806293271896],[12.654159022893715,55.714191091441464],[12.65633359873706,55.71253488066779],[12.658410634260735,55.71083943956244],[12.660387912060381,55.70910658863198],[12.662263322697667,55.70733818830716],[12.664034866924892,55.70553613692992],[12.665700657786841,55.70370236870055],[12.667258922597853,55.7018388515871],[12.66870800479208,55.69994758519955],[12.624460459072779,55.689652077083196],[12.623631424255931,55.69073250507892],[12.62274007008505,55.69179705874738],[12.621787347117804,55.692844596795375],[12.620774271946779,55.69387399608089],[12.619701926126428,55.6948841528218],[12.61857145502901,55.695873983784175],[12.617384066630693,55.696842427448736],[12.616141030229107,55.69778844515444],[12.614843675093567,55.698711022217566],[12.613493389049493,55.69960916902549],[12.612091616998443,55.70048192210362],[12.610639859375286,55.70132834515441],[12.609139670544248,55.7021475300675],[12.60759265713542,55.70293859789952],[12.6060004763236,55.703700699822804],[12.604364834051255,55.704433018041726],[12.602687483197531,55.70513476667584],[12.600970221695317,55.70580519260862],[12.59921489059835,55.70644357630121],[12.597423372100533,55.70704923256972],[12.59559758750954,55.70762151132598],[12.593739495177012,55.70815979828008],[12.591851088387562,55.70866351560462],[12.589934393208912,55.70913212255953],[12.60828748035159,55.73405302680997]]]}},{"type":"Feature","properties":{"code":"21","ring":2,"sector":1},"geometry":{"type":"Polygon","coordinates":[[[12.52271251964841,55.73405302680997],[12.526114483707975,55.7348112522169],[12.529558813781023,55.73550630561722],[12.533041806954024,55.73613743933703],[12.53655971815265,55.73670397442656],[12.54010876421828,55.73720530140077],[12.543685128028372,55.73764088090395],[12.54728496265584,55.73801024429843],[12.550904395562796,55.73831299417569],[12.554539532823744,55.738548804790184],[12.558186463373449,55.73871742241478],[12.561841263274546,55.73881866561773],[12.5655,55.738852425460706],[12.569158736725454,55.73881866561773],[12.57281353662655,55.73871742241478],[12.576460467176254,55.738548804790184],[12.580095604437204,55.73831299417569],[12.583715037344158,55.73801024429843],[12.587314871971628,55.73764088090395],[12.590891235781719,55.73720530140077],[12.59444028184735,55.73670397442656],[12.597958193045974,55.73613743933703],[12.601441186218977,55.73550630561722],[12.604885516292025,55.7348112522169],[12.60828748035159,55.73405302680997],[12.589934393208912,55.70913212255953],[12.587991466305542,55.709565116076895],[12.586024392718269,55.70996203130506],[12.584035283612199,55.71032244211169],[12.582026273995547,55.71064596154458],[12.579999520411873,55.71093224225063],[12.57795719860827,55.71118097685158],[12.575901501182123,55.711391898276766],[12.573834635209051,55.71156478005221],[12.571758819854665,55.711699436545715],[12.569676283972836,55.711795723167874],[12.567589263693103,55.71185353652859],[12.5655,55.711872814548975],[12.563410736306896,55.71185353652859],[12.561323716027164,55.711795723167874],[12.559241180145333,55.711699436545715],[12.557165364790947,55.71156478005221],[12.555098498817875,55.711391898276766],[12.553042801391728,55.71118097685158],[12.551000479588126,55.71093224225063],[12.548973726004453,55.71064596154458],[12.546964716387802,55.71032244211169],[12.54497560728173,55.70996203130506],[12.543008533694456,55.709565116076895],[12.541065606791086,55.70913212255953],[12.52271251964841,55.73405302680997]]]}},{"type":"Feature","properties":{"code":"01","ring":1,"sector":0},"geometry":{"type":"Polygon","coordinates":[[[12.5655,55.711872814548975],[12.56863319440655,55.71182944385509],[12.571758819854665,55.711699436545715],[12.574869325821377,55.71148310668252],[12.57795719860827,55.71118097685158],[12.581014979637999,55.71079377689063],[12.584035283612199,55.71032244211169],[12.587010816485266,55.709768111023486],[12.589934393208912,55.70913212255953],[12.592798955203074,55.70841601281859],[12.59559758750954,55.70762151132598],[12.598323535585498,55.70675053682496],[12.600970221695317,55.70580519260862],[12.603531260859794,55.704787761404276],[12.6060004763236,55.703700699822804],[12.608371914502717,55.702546632387104],[12.610639859375286,55.70132834515441],[12.612798846280722,55.70004877894833],[12.614843675093567,55.698711022217566],[12.616769422740292,55.697318303539085],[12.61857145502901,55.695873983784175],[12.620245437763847,55.69438154796692],[12.621787347117804,55.692844596795375],[12.623193479239669,55.691266837945996],[12.624460459072779,55.689652077083196],[12.625585248365367,55.6880042086458],[12.626565152854353,55.68632720642337],[12.627397828606641,55.6846251139451],[12.628081287504065,55.68290203470522],[12.628613901860334,55.68116212224846],[12.62899440816055,55.67940957013985],[12.629221909916035,55.677648601843345],[12.629295879629431,55.67588346053359],[12.629216159867179,55.674118398865794],[12.628982963438778,55.672357668728125],[12.628596872684236,55.67060551100166],[12.628058837873427,55.66886614535225],[12.627370174723056,55.667143760078886],[12.626532561039104,55.66544250204305],[12.625548032494638,55.66376646670287],[12.624418977554887,55.66211968827596],[12.623148131563426,55.66050613005451],[12.621738570005256,55.65892967489528],[12.62019370096444,55.65739411590748],[12.61851725679567,55.6559031473601],[12.616713285031013,55.654460355830594],[12.614786138544689,55.653069211615446],[12.612740465000327,55.651733060422984],[12.610581195606843,55.650455115368],[12.608313533210389,55.64923844928661],[12.605942939751314,55.648085987389855],[12.603475123116533,55.64700050027274],[12.600916023418725,55.645984597295175],[12.598271798735231,55.645040720350416],[12.595548810340478,55.64417113803507],[12.59275360746684,55.64337794023472],[12.589892911629853,55.6426630331373],[12.586973600554545,55.642028134686015],[12.584002691740437,55.64147477048216],[12.580987325703557,55.64100427014759],[12.577934748934382,55.64061776415485],[12.574852296611295,55.640316181132654],[12.571747375109485,55.640100245652626],[12.56862744434576,55.63997047650274],[12.5655,55.63992718545101],[12.562372555654239,55.63997047650274],[12.559252624890513,55.640100245652626],[12.556147703388705,55.640316181132654],[12.553065251065616,55.64061776415485],[12.550012674296443,55.64100427014759],[12.546997308259561,55.64147477048216],[12.544026399445455,55.642028134686015],[12.541107088370145,55.6426630331373],[12.53824639253316,55.64337794023472],[12.53545118965952,55.64417113803507],[12.532728201264767,55.645040720350416],[12.530083976581274,55.645984597295175],[12.527524876883465,55.64700050027274],[12.525057060248685,55.648085987389855],[12.522686466789612,55.64923844928661],[12.520418804393156,55.650455115368],[12.518259534999673,55.651733060422984],[12.516213861455311,55.653069211615446],[12.514286714968986,55.654460355830594],[12.51248274320433,55.6559031473601],[12.51080629903556,55.65739411590748],[12.509261429994742,55.65892967489528],[12.507851868436575,55.66050613005451],[12.506581022445113,55.66211968827596],[12.50545196750536,55.66376646670287],[12.504467438960896,55.66544250204305],[12.503629825276942,55.667143760078886],[12.502941162126572,55.66886614535225],[12.502403127315763,55.67060551100166],[12.502017036561222,55.672357668728125],[12.501783840132822,55.674118398865794],[12.501704120370569,55.67588346053359],[12.501778090083963,55.677648601843345],[12.502005591839449,55.67940957013985],[12.502386098139665,55.68116212224846],[12.502918712495934,55.68290203470522],[12.503602171393357,55.6846251139451],[12.504434847145648,55.68632720642337],[12.505414751634632,55.6880042086458],[12.50653954092722,55.689652077083196],[12.507806520760331,55.691266837945996],[12.509212652882194,55.692844596795375],[12.510754562236151,55.69438154796692],[12.51242854497099,55.695873983784175],[12.514230577259708,55.697318303539085],[12.516156324906433,55.698711022217566],[12.518201153719277,55.70004877894833],[12.520360140624714,55.70132834515441],[12.522628085497281,55.702546632387104],[12.524999523676396,55.703700699822804],[12.527468739140206,55.704787761404276],[12.530029778304684,55.70580519260862],[12.5326764644145,55.70675053682496],[12.53540241249046,55.70762151132598],[12.538201044796924,55.70841601281859],[12.541065606791086,55.70913212255953],[12.543989183514734,55.709768111023486],[12.546964716387802,55.71032244211169],[12.549985020362,55.71079377689063],[12.553042801391728,55.71118097685158],[12.556130674178622,55.71148310668252],[12.559241180145333,55.711699436545715],[12.562366805593449,55.71182944385509],[12.5655,55.711872814548975]]]}}]}